时间,小区名称,小区上行平均激活用户数,小区下行平均激活用户数,下行平均使用的PRB个数,上行平均使用的PRB个数
2024/7/20 0:00,1018,1.3702,4.9243,33.0831,11.8287
2024/7/20 1:00,1018,0.7566,3.279,23.9981,10.2749
2024/7/20 2:00,1018,0.6881,2.258,14.8409,9.1208
2024/7/20 3:00,1018,0.5615,1.6946,12.9405,9.0375
2024/7/20 4:00,1018,0.3053,1.115,9.3981,8.4528
2024/7/20 5:00,1018,0.3616,0.9507,10.4322,9.0445
2024/7/20 6:00,1018,0.2834,0.9882,6.738,8.7005
2024/7/20 7:00,1018,0.4593,1.7438,13.4951,9.1204
2024/7/20 8:00,1018,0.6129,2.2923,19.0375,9.6526
2024/7/20 9:00,1018,0.5696,1.9762,12.7041,10.1244
2024/7/20 10:00,1018,0.9925,2.9185,42.1098,10.3593
2024/7/20 11:00,1018,1.1079,3.0635,64.6814,10.9528
2024/7/20 12:00,1018,1.2341,2.7091,48.3274,15.1565
2024/7/20 13:00,1018,1.0461,2.4595,47.4348,11.4527
2024/7/20 14:00,1018,0.9184,2.8326,30.9866,10.9993
2024/7/20 15:00,1018,1.3346,3.4759,38.9976,13.2795
2024/7/20 16:00,1018,0.8088,2.3892,29.9304,10.3414
2024/7/20 17:00,1018,0.9277,2.651,22.2639,11.7524
2024/7/20 18:00,1018,1.7645,3.8607,42.1606,12.2288
2024/7/20 19:00,1018,1.1751,2.971,28.1751,12.8046
2024/7/20 20:00,1018,1.1481,3.4315,53.3913,11.7031
2024/7/20 21:00,1018,1.219,3.1851,45.323,25.9736
2024/7/20 22:00,1018,1.0667,2.5419,27.3826,11.0256
2024/7/20 23:00,1018,0.9246,2.3306,22.4086,10.1864
2024/7/21 0:00,1018,0.9013,2.5683,38.3048,10.9905
2024/7/21 1:00,1018,0.7765,2.3985,36.2497,9.7706
2024/7/21 2:00,1018,0.5364,1.7168,16.4208,9.602
2024/7/21 3:00,1018,0.3559,0.8901,12.3053,8.9222
2024/7/21 4:00,1018,0.2268,0.6837,13.3588,8.1435
2024/7/21 5:00,1018,0.254,1.1534,11.3253,9.0257
2024/7/21 6:00,1018,0.1761,0.8823,6.7503,8.5503
2024/7/21 7:00,1018,0.3233,1.3042,12.4277,8.3527
2024/7/21 8:00,1018,0.5389,2.2538,16.5212,9.3644
2024/7/21 9:00,1018,0.7203,2.1184,18.8415,9.7939
2024/7/21 10:00,1018,0.6806,2.0388,19.1665,10.0618
2024/7/21 11:00,1018,0.8731,2.3416,21.3908,10.4106
2024/7/21 12:00,1018,1.9941,3.9811,37.7502,13.8024
2024/7/21 13:00,1018,1.2597,3.9465,29.1912,10.6623
2024/7/21 14:00,1018,1.1251,3.2232,33.7452,11.1729
2024/7/21 15:00,1018,0.9589,3.0261,23.8947,11.6023
2024/7/21 16:00,1018,1.1126,3.6397,27.768,13.7716
2024/7/21 17:00,1018,0.9387,3.3345,28.409,12.5255
2024/7/21 18:00,1018,0.8604,3.1117,21.6549,11.3694
2024/7/21 19:00,1018,0.8864,3.0248,24.4243,11.8301
2024/7/21 20:00,1018,1.0852,3.2924,23.3477,13.7584
2024/7/21 21:00,1018,1.8426,3.9672,32.0882,17.6046
2024/7/21 22:00,1018,1.2397,3.1096,32.3545,14.2881
2024/7/21 23:00,1018,1.2415,3.7361,38.0349,11.4951
2024/7/22 0:00,1018,1.4328,3.3735,45.0036,12.2685
2024/7/22 1:00,1018,0.8659,3.441,17.7962,9.8238
2024/7/22 2:00,1018,0.4499,2.9107,13.4089,9.1036
2024/7/22 3:00,1018,0.4583,2.8067,15.8633,9.4993
2024/7/22 4:00,1018,0.6213,2.5042,17.5849,10.6457
2024/7/22 5:00,1018,0.3564,1.2812,9.8489,8.6083
2024/7/22 6:00,1018,0.216,0.9276,8.4372,8.1455
2024/7/22 7:00,1018,0.2893,1.2993,7.8069,8.6622
2024/7/22 8:00,1018,0.6266,2.1432,14.003,10.7812
2024/7/22 9:00,1018,0.7324,2.8309,17.519,9.6712
2024/7/22 10:00,1018,0.7878,2.415,15.6385,11.3132
2024/7/22 11:00,1018,0.9216,2.7225,16.9625,10.4521
2024/7/22 12:00,1018,0.7988,2.0471,20.6625,10.6038
2024/7/22 13:00,1018,0.8373,2.1099,23.9405,10.3466
2024/7/22 14:00,1018,0.9677,2.601,19.3775,10.661
2024/7/22 15:00,1018,1.3432,2.9038,28.45,13.2883
2024/7/22 16:00,1018,0.8256,2.7006,29.2507,11.1805
2024/7/22 17:00,1018,0.9352,3.0861,23.3941,11.1176
2024/7/22 18:00,1018,1.3613,4.2231,35.2041,11.7074
2024/7/22 19:00,1018,1.3457,3.9603,32.1435,13.4138
2024/7/22 20:00,1018,0.9946,2.896,22.4188,10.8245
2024/7/22 21:00,1018,1.0901,4.0668,21.3658,10.9708
2024/7/22 22:00,1018,1.1292,4.3344,25.8875,11.007
2024/7/22 23:00,1018,1.9095,4.417,35.5696,11.9772
2024/7/23 0:00,1018,1.9343,5.9369,36.036,11.8594
2024/7/23 1:00,1018,0.9,3.2714,18.5579,10.2444
2024/7/23 2:00,1018,1.0638,2.9152,18.3271,10.503
2024/7/23 3:00,1018,0.4401,1.5251,9.8711,9.0167
2024/7/23 4:00,1018,1.1186,2.8837,11.7334,13.3372
2024/7/23 5:00,1018,1.0822,2.9222,10.4721,10.7276
2024/7/23 6:00,1018,0.3534,1.5742,11.3781,8.5833
2024/7/23 7:00,1018,0.6413,1.9887,15.4827,9.7002
2024/7/23 8:00,1018,1.2205,3.7377,22.321,10.2849
2024/7/23 9:00,1018,0.6602,2.2529,12.9334,9.5772
2024/7/23 10:00,1018,0.7237,2.3828,17.3535,9.9637
2024/7/23 11:00,1018,0.6193,1.9935,15.8258,9.8341
2024/7/23 12:00,1018,0.828,2.1767,24.0802,10.7004
2024/7/23 13:00,1018,0.7505,2.1971,26.9414,10.6818
2024/7/23 14:00,1018,0.8298,3.2234,20.1341,10.3068
2024/7/23 15:00,1018,0.8833,3.1631,24.552,11.3835
2024/7/23 16:00,1018,0.8499,2.5757,19.4187,11.4698
2024/7/23 17:00,1018,1.3116,3.4511,30.0227,13.6306
2024/7/23 18:00,1018,0.8139,2.705,20.077,10.0638
2024/7/23 19:00,1018,0.607,2.4284,18.8861,9.8549
2024/7/23 20:00,1018,1.3053,3.1706,45.6971,11.3523
2024/7/23 21:00,1018,1.0789,2.9573,26.4323,11.1082
2024/7/23 22:00,1018,0.9641,3.3873,30.5113,10.9846
2024/7/23 23:00,1018,1.2062,3.8766,32.3714,11.3115
2024/7/24 0:00,1018,0.7151,3.6447,20.8889,9.6124
2024/7/24 1:00,1018,0.6866,2.9101,18.0497,9.6528
2024/7/24 2:00,1018,0.5616,1.764,18.3742,8.7866
2024/7/24 3:00,1018,0.4207,1.0873,16.4839,8.4686
2024/7/24 4:00,1018,0.4788,1.2187,13.1511,8.8246
2024/7/24 5:00,1018,0.4132,1.1888,11.6515,8.6888
2024/7/24 6:00,1018,0.3515,1.5083,7.8804,8.5743
2024/7/24 7:00,1018,0.6588,2.0729,16.5255,9.3578
2024/7/24 8:00,1018,0.4933,2.2149,20.1801,8.9347
2024/7/24 9:00,1018,0.7808,3.094,20.3979,10.1593
2024/7/24 10:00,1018,1.0903,3.4555,21.7508,12.3974
2024/7/24 11:00,1018,0.7688,2.6682,14.4804,10.3827
2024/7/24 12:00,1018,1.1285,3.2044,28.982,11.5469
2024/7/24 13:00,1018,0.8439,2.3984,26.9606,10.53
2024/7/24 14:00,1018,0.8861,2.3194,36.1316,11.5949
2024/7/24 15:00,1018,1.1626,3.558,20.3205,12.2641
2024/7/24 16:00,1018,1.3055,3.3761,24.1135,14.5554
2024/7/24 17:00,1018,0.8842,2.5098,23.7871,10.3758
2024/7/24 18:00,1018,0.9947,3.0819,32.7704,10.8269
2024/7/24 19:00,1018,1.4248,4.1467,32.3341,15.3308
2024/7/24 20:00,1018,1.2642,3.8743,24.6411,17.9862
2024/7/24 21:00,1018,1.8958,4.1884,44.5436,22.9222
2024/7/24 22:00,1018,1.4065,4.4753,30.6377,13.2957
2024/7/24 23:00,1018,1.3104,3.0637,38.4957,13.4289
2024/7/25 0:00,1018,0.9347,3.4984,34.2108,10.4954
2024/7/25 1:00,1018,0.6544,3.3533,18.9501,9.741
2024/7/25 2:00,1018,0.6217,2.2095,12.3444,9.2297
2024/7/25 3:00,1018,0.6239,1.8009,11.2621,9.7581
2024/7/25 4:00,1018,1.3603,2.543,13.0763,10.6265
2024/7/25 5:00,1018,0.729,1.993,13.2814,9.7467
2024/7/25 6:00,1018,0.2847,0.9432,7.8108,8.549
2024/7/25 7:00,1018,0.3636,1.2109,10.4667,8.6024
2024/7/25 8:00,1018,0.595,2.005,14.0985,9.8904
2024/7/25 9:00,1018,0.7839,2.5616,14.0466,10.1143
2024/7/25 10:00,1018,0.7607,2.9667,15.1915,10.869
2024/7/25 11:00,1018,0.965,2.7725,25.0838,10.6926
2024/7/25 12:00,1018,1.2644,2.8727,30.3354,12.2602
2024/7/25 13:00,1018,0.7033,2.1033,33.08,10.2254
2024/7/25 14:00,1018,0.9248,2.9036,25.2907,12.574
2024/7/25 15:00,1018,0.9728,3.1119,32.9113,11.5643
2024/7/25 16:00,1018,0.8538,2.7347,20.3206,10.6325
2024/7/25 17:00,1018,1.108,3.2236,45.9283,12.0732
2024/7/25 18:00,1018,2.015,5.2532,59.3614,13.7002
2024/7/25 19:00,1018,1.5997,4.1599,60.4469,11.9957
2024/7/25 20:00,1018,1.2251,3.2195,40.5836,11.4511
2024/7/25 21:00,1018,1.2173,3.5914,30.8171,10.7087
2024/7/25 22:00,1018,1.5406,4.4008,46.4171,13.1229
2024/7/25 23:00,1018,1.4166,4.4114,41.0635,13.8822
2024/7/26 0:00,1018,0.7045,1.9057,20.389,9.7795
2024/7/26 1:00,1018,0.8761,1.9476,30.7193,10.7556
2024/7/26 2:00,1018,0.2741,0.827,7.4546,8.3272
2024/7/26 3:00,1018,0.328,0.9559,7.0045,9.0712
2024/7/26 4:00,1018,0.2368,0.6119,6.2189,8.0692
2024/7/26 5:00,1018,0.2344,1.3415,7.9232,8.4249
2024/7/26 6:00,1018,0.2435,0.9114,5.861,7.9525
2024/7/26 7:00,1018,0.3812,1.3461,13.1473,8.6436
2024/7/26 8:00,1018,0.7664,2.4976,15.2022,9.8402
2024/7/26 9:00,1018,1.0437,3.2086,25.8145,11.4679
2024/7/26 10:00,1018,0.7451,2.6301,28.7252,10.3626
2024/7/26 11:00,1018,0.627,2.5873,15.2192,10.2637
2024/7/26 12:00,1018,0.8781,2.5943,27.1615,11.2648
2024/7/26 13:00,1018,0.7942,2.0207,28.5043,9.6361
2024/7/26 14:00,1018,0.9606,3.1623,23.2253,10.6274
2024/7/26 15:00,1018,0.7864,2.5556,24.5237,10.5658
2024/7/26 16:00,1018,0.6736,2.347,19.6286,10.3604
2024/7/26 17:00,1018,1.1276,3.1537,25.6067,11.6503
2024/7/26 18:00,1018,1.5704,4.2391,31.6998,13.3567
2024/7/26 19:00,1018,1.5472,3.892,32.6274,18.6185
2024/7/26 20:00,1018,0.887,3.0789,21.9706,12.5891
2024/7/26 21:00,1018,1.1813,3.1857,23.351,10.9142
2024/7/26 22:00,1018,0.8523,2.814,26.7934,10.6805
2024/7/26 23:00,1018,1.1437,4.0865,30.1064,10.3799
2024/7/27 0:00,1018,0.9011,2.8307,32.2718,10.4757
2024/7/27 1:00,1018,1.489,3.816,33.592,10.6393
2024/7/27 2:00,1018,0.866,2.2229,26.4903,9.6057
2024/7/27 3:00,1018,0.6498,1.3805,10.49,9.0164
2024/7/27 4:00,1018,0.518,1.0059,6.8161,8.8583
2024/7/27 5:00,1018,0.2351,1.049,8.021,8.2861
2024/7/27 6:00,1018,0.322,1.3982,8.9554,8.4777
2024/7/27 7:00,1018,0.8458,2.5666,10.9126,9.373
2024/7/27 8:00,1018,0.4693,1.5261,10.3957,8.7686
2024/7/27 9:00,1018,1.1107,3.1103,16.1373,17.2279
2024/7/27 10:00,1018,1.3009,3.7997,34.6751,11.6709
2024/7/27 11:00,1018,1.6495,5.2607,29.8605,14.9891
2024/7/27 12:00,1018,1.0726,4.1388,33.8287,11.7007
2024/7/27 13:00,1018,0.8917,3.2057,26.4774,10.706
2024/7/27 14:00,1018,0.7998,2.3278,19.0944,9.9788
2024/7/27 15:00,1018,1.1247,3.1348,30.8543,11.2196
2024/7/27 16:00,1018,0.7778,2.2626,20.4854,10.8539
2024/7/27 17:00,1018,0.9423,3.0958,24.8965,10.6534
2024/7/27 18:00,1018,1.036,3.2842,20.5112,10.7513
2024/7/27 19:00,1018,0.7931,2.371,20.3635,10.4267
2024/7/27 20:00,1018,0.9783,2.7473,27.1591,11.619
2024/7/27 21:00,1018,1.1914,2.7589,24.6477,11.2715
2024/7/27 22:00,1018,2.1026,4.3091,36.7589,14.552
2024/7/27 23:00,1018,1.6913,3.7942,42.3634,13.9563
2024/7/28 0:00,1018,1.0739,3.1053,24.9693,10.2173
2024/7/28 1:00,1018,0.8988,2.2667,14.0042,9.4469
2024/7/28 2:00,1018,1.1828,2.8411,14.9382,17.0503
2024/7/28 3:00,1018,0.5762,1.4537,10.9349,9.6708
2024/7/28 4:00,1018,0.3424,1.1352,8.7952,8.6509
2024/7/28 5:00,1018,0.1923,0.7166,7.5896,8.0578
2024/7/28 6:00,1018,0.3283,0.9146,12.9022,8.4633
2024/7/28 7:00,1018,0.3113,0.81,10.7825,8.5694
2024/7/28 8:00,1018,0.6317,2.2029,20.0331,9.4154
2024/7/28 9:00,1018,0.7741,2.0959,16.4845,9.9595
2024/7/28 10:00,1018,1.1848,3.1071,19.9103,11.1132
2024/7/28 11:00,1018,1.5401,3.5646,27.3785,13.6177
2024/7/28 12:00,1018,1.6513,4.0101,28.5532,11.4091
2024/7/28 13:00,1018,1.9244,4.6711,32.208,11.6723
2024/7/28 14:00,1018,1.1011,3.3804,28.3534,11.04
2024/7/28 15:00,1018,1.1021,3.7727,32.6691,11.7167
2024/7/28 16:00,1018,1.6496,4.6661,42.8107,13.1318
2024/7/28 17:00,1018,1.6898,4.5097,56.3171,13.4814
2024/7/28 18:00,1018,1.6252,4.0441,54.7513,12.1962
2024/7/28 19:00,1018,1.3687,3.3743,38.3607,12.5727
2024/7/28 20:00,1018,1.396,3.2539,29.574,12.0787
2024/7/28 21:00,1018,1.5608,4.7159,39.8764,12.9992
2024/7/28 22:00,1018,1.1653,3.9648,25.65,12.9318
2024/7/28 23:00,1018,1.048,3.2097,37.164,10.5525
2024/7/29 0:00,1018,1.0411,2.3612,35.904,10.7564
2024/7/29 1:00,1018,0.8688,2.011,20.0466,9.5764
2024/7/29 2:00,1018,0.4771,1.8745,14.0471,9.0228
2024/7/29 3:00,1018,0.4409,1.5647,8.576,8.5481
2024/7/29 4:00,1018,0.2933,1.1882,9.8224,8.3239
2024/7/29 5:00,1018,0.2714,1.0469,7.938,8.3466
2024/7/29 6:00,1018,0.3955,1.3798,14.597,8.725
2024/7/29 7:00,1018,0.5906,1.8053,11.9467,9.3726
2024/7/29 8:00,1018,0.7791,2.4689,15.5765,9.8893
2024/7/29 9:00,1018,1.097,3.1751,19.1229,10.7716
2024/7/29 10:00,1018,1.1035,3.3439,21.7261,12.2802
2024/7/29 11:00,1018,1.3393,4.1314,30.5386,13.1914
2024/7/29 12:00,1018,1.2953,3.1744,37.028,14.6158
2024/7/29 13:00,1018,0.7659,2.2207,19.5087,10.4128
2024/7/29 14:00,1018,1.0551,3.6223,19.1109,11.1825
2024/7/29 15:00,1018,0.9251,2.5557,22.5094,10.9416
2024/7/29 16:00,1018,0.9264,2.6302,30.4443,12.3002
2024/7/29 17:00,1018,1.0021,3.299,19.8238,11.1932
2024/7/29 18:00,1018,1.4032,4.679,27.1548,12.5063
2024/7/29 19:00,1018,1.2567,4.6055,26.3938,12.9096
2024/7/29 20:00,1018,1.2174,3.571,29.2658,15.1816
2024/7/29 21:00,1018,1.4543,4.0428,33.941,14.3361
2024/7/29 22:00,1018,1.388,4.2325,36.0447,11.5705
2024/7/29 23:00,1018,0.7716,2.3605,23.907,9.7842
2024/7/30 0:00,1018,1.2933,3.6714,45.3406,11.2914
2024/7/30 1:00,1018,1.0396,3.1198,27.9808,10.676
2024/7/30 2:00,1018,0.2913,1.1956,15.8794,8.6337
2024/7/30 3:00,1018,0.3012,0.7229,8.6144,8.2996
2024/7/30 4:00,1018,0.3334,0.8312,8.3401,8.3722
2024/7/30 5:00,1018,0.3344,0.9071,9.9962,8.696
2024/7/30 6:00,1018,0.3296,1.1611,11.0803,9.2445
2024/7/30 7:00,1018,0.4091,1.5811,9.7551,9.3661
2024/7/30 8:00,1018,0.8049,2.4155,16.3975,9.8651
2024/7/30 9:00,1018,0.7269,2.4337,15.5766,10.9873
2024/7/30 10:00,1018,0.6338,2.1109,15.8009,10.1276
2024/7/30 11:00,1018,1.4176,3.4713,26.5678,13.1968
2024/7/30 12:00,1018,1.2269,3.1716,39.7838,12.0212
2024/7/30 13:00,1018,1.3017,3.5349,39.8394,12.8783
2024/7/30 14:00,1018,1.1445,3.1648,23.0615,11.4113
2024/7/30 15:00,1018,1.07,2.8245,30.8992,12.1314
2024/7/30 16:00,1018,0.9186,2.6885,25.2006,11.3042
2024/7/30 17:00,1018,1.375,3.7132,30.6946,12.8815
2024/7/30 18:00,1018,2.0135,5.3927,37.5328,15.8172
2024/7/30 19:00,1018,1.4309,4.7775,38.5176,12.4409
2024/7/30 20:00,1018,1.2616,4.8391,28.3981,12.4237
2024/7/30 21:00,1018,1.3774,4.6793,30.1181,12.1212
2024/7/30 22:00,1018,1.365,4.1613,40.7398,12.6976
2024/7/30 23:00,1018,1.1119,3.5993,32.2235,10.5969
2024/7/31 0:00,1018,0.9907,3.2277,29.556,10.5958
2024/7/31 1:00,1018,0.8054,2.3455,21.581,9.8389
2024/7/31 2:00,1018,0.6482,1.5267,11.8703,9.1067
2024/7/31 3:00,1018,0.4726,1.3656,11.0101,8.8503
2024/7/31 4:00,1018,0.3786,1.0576,11.55,8.7526
2024/7/31 5:00,1018,0.2064,0.6484,7.8912,8.2154
2024/7/31 6:00,1018,0.1589,0.6169,7.2212,7.9511
2024/7/31 7:00,1018,0.4281,1.5976,11.1716,9.0626
2024/7/31 8:00,1018,0.5751,2.0505,16.3552,9.6571
2024/7/31 9:00,1018,0.4618,1.729,12.8158,9.7065
2024/7/31 10:00,1018,0.8044,2.9771,29.5709,11.2014
2024/7/31 11:00,1018,0.6959,2.262,15.968,10.8251
2024/7/31 12:00,1018,1.3151,3.2314,29.8142,13.0716
2024/7/31 13:00,1018,0.7574,2.0642,19.4534,10.0672
2024/7/31 14:00,1018,0.6562,1.813,17.415,10.1068
2024/7/31 15:00,1018,0.8114,2.4188,21.3703,11.1183
2024/7/31 16:00,1018,0.7058,2.294,19.072,11.473
2024/7/31 17:00,1018,1.5667,4.4218,31.7377,13.5566
2024/7/31 18:00,1018,1.7115,5.9949,36.1182,13.373
2024/7/31 19:00,1018,1.676,4.3543,33.8541,13.7813
2024/7/31 20:00,1018,2.3262,5.9094,42.7847,14.1507
2024/7/31 21:00,1018,1.4616,3.8141,32.3341,16.5059
2024/7/31 22:00,1018,1.7237,5.2048,50.4161,16.2578
2024/7/31 23:00,1018,1.1605,4.4395,40.5133,11.0788
2024/8/1 0:00,1018,1.277,3.9008,32.7655,10.999
2024/8/1 1:00,1018,0.8454,2.7969,24.1695,9.8126
2024/8/1 2:00,1018,0.5322,1.7922,14.4768,9.122
2024/8/1 3:00,1018,0.3675,1.2051,18.8273,9.146
2024/8/1 4:00,1018,0.5061,1.3656,6.0682,8.275
2024/8/1 5:00,1018,0.6252,1.6998,7.231,8.825
2024/8/1 6:00,1018,0.6171,2.1069,11.7986,9.1366
2024/8/1 7:00,1018,0.4289,1.4427,11.5945,8.7681
2024/8/1 8:00,1018,0.544,1.6033,13.285,9.3812
2024/8/1 9:00,1018,1.2135,3.0579,18.1084,11.973
2024/8/1 10:00,1018,1.1458,3.3033,26.4459,11.5613
2024/8/1 11:00,1018,0.9316,3.2143,21.1419,12.3462
2024/8/1 12:00,1018,1.0013,3.0814,28.8777,11.4425
2024/8/1 13:00,1018,1.0494,2.3575,20.7905,10.0985
2024/8/1 14:00,1018,0.9369,2.5339,18.188,10.5304
2024/8/1 15:00,1018,0.8997,2.4475,28.1055,11.2215
2024/8/1 16:00,1018,0.865,2.9265,19.8323,10.1992
2024/8/1 17:00,1018,1.1501,3.968,25.8884,11.5985
2024/8/1 18:00,1018,2.0143,5.785,39.1758,13.1821
2024/8/1 19:00,1018,1.6918,5.0268,33.33,13.8733
2024/8/1 20:00,1018,1.7642,4.629,35.4163,16.3659
2024/8/1 21:00,1018,1.8068,4.5547,33.216,15.5148
2024/8/1 22:00,1018,1.8037,3.5159,41.5124,16.3183
2024/8/1 23:00,1018,0.9915,2.6774,37.7142,11.2504
2024/8/2 0:00,1018,1.0476,3.4268,39.2162,10.2135
2024/8/2 1:00,1018,0.8885,2.9055,27.9909,9.848
2024/8/2 2:00,1018,0.4527,1.5962,8.8649,8.3366
2024/8/2 3:00,1018,0.2138,0.7575,6.3299,8.2624
2024/8/2 4:00,1018,0.3264,1.83,15.0734,8.5385
2024/8/2 5:00,1018,0.1867,0.7959,8.0573,8.0953
2024/8/2 6:00,1018,0.1344,0.4214,5.2425,8.0895
2024/8/2 7:00,1018,0.3903,1.5173,9.7196,8.6718
2024/8/2 8:00,1018,0.6915,2.0175,17.9897,9.9405
2024/8/2 9:00,1018,0.8943,2.7372,20.5183,11.2307
2024/8/2 10:00,1018,1.1217,3.0465,28.9189,14.8764
2024/8/2 11:00,1018,0.796,2.8293,21.7821,10.5222
2024/8/2 12:00,1018,1.4332,3.6817,45.266,13.8142
2024/8/2 13:00,1018,1.0654,2.7079,27.1685,11.5179
2024/8/2 14:00,1018,0.8358,3.0922,26.6626,11.8371
2024/8/2 15:00,1018,0.9024,2.6635,21.5104,11.2412
2024/8/2 16:00,1018,0.8959,3.037,25.0707,11.7028
2024/8/2 17:00,1018,0.8259,3.1868,23.062,10.5549
2024/8/2 18:00,1018,1.4135,3.4994,28.5991,12.2763
2024/8/2 19:00,1018,1.3596,3.492,32.0071,11.9062
2024/8/2 20:00,1018,1.7114,3.9408,38.3232,12.5793
2024/8/2 21:00,1018,1.3587,3.7975,33.4268,12.8309
2024/8/2 22:00,1018,1.0404,3.2646,34.36,10.8504
2024/8/2 23:00,1018,1.2859,4.1791,36.7444,12.9039
2024/8/3 0:00,1018,0.8783,2.2423,28.9803,10.3643
2024/8/3 1:00,1018,0.5049,1.8066,10.747,8.9878
2024/8/3 2:00,1018,0.5273,1.8605,18.6292,9.5845
2024/8/3 3:00,1018,0.3318,1.6631,11.4401,8.5982
2024/8/3 4:00,1018,0.5755,1.3725,9.3247,12.2606
2024/8/3 5:00,1018,0.2568,1.1069,7.4779,8.4455
2024/8/3 6:00,1018,0.1796,0.5858,5.5114,7.9802
2024/8/3 7:00,1018,0.4419,1.4869,13.2448,8.9864
2024/8/3 8:00,1018,0.5407,2.586,17.3898,9.315
2024/8/3 9:00,1018,0.774,3.0101,17.4194,10.0408
2024/8/3 10:00,1018,0.9579,3.0295,24.2384,12.0812
2024/8/3 11:00,1018,1.1528,3.1126,33.5968,11.3839
2024/8/3 12:00,1018,1.0588,2.9988,30.2371,11.536
2024/8/3 13:00,1018,1.143,3.3798,34.42,11.0309
2024/8/3 14:00,1018,1.0668,3.5405,25.6819,10.4512
2024/8/3 15:00,1018,0.8896,2.6372,24.4855,10.3588
2024/8/3 16:00,1018,0.9668,2.609,24.1233,10.7399
2024/8/3 17:00,1018,0.9372,2.2136,20.3945,11.6307
2024/8/3 18:00,1018,0.9655,3.0134,24.1328,10.5323
2024/8/3 19:00,1018,1.2899,4.0625,31.6463,11.7233
2024/8/3 20:00,1018,1.081,3.2504,27.1056,11.6451
2024/8/3 21:00,1018,1.5439,3.7378,34.7704,13.4295
2024/8/3 22:00,1018,1.6817,5.2987,52.1505,12.9236
2024/8/3 23:00,1018,1.8412,4.6231,49.024,12.7814
2024/8/4 0:00,1018,1.102,3.0366,34.0758,10.4933
2024/8/4 1:00,1018,1.6083,4.5067,33.9557,11.0223
2024/8/4 2:00,1018,1.0608,3.5908,25.1088,10.4924
2024/8/4 3:00,1018,0.958,2.8494,19.1151,14.2907
2024/8/4 4:00,1018,0.5133,1.8414,6.9694,12.6926
2024/8/4 5:00,1018,0.3741,1.814,5.8462,8.3561
2024/8/4 6:00,1018,0.453,1.9837,8.7807,8.3296
2024/8/4 7:00,1018,0.3294,1.3615,10.9409,8.453
2024/8/4 8:00,1018,0.5003,1.7343,11.7001,9.1649
2024/8/4 9:00,1018,0.7158,2.0024,16.6497,9.8136
2024/8/4 10:00,1018,0.911,2.1997,18.6923,11.2479
2024/8/4 11:00,1018,1.0699,2.7303,27.5508,11.2026
2024/8/4 12:00,1018,1.1168,3.6375,29.7114,12.731
2024/8/4 13:00,1018,1.1036,3.2073,34.1656,10.9094
2024/8/4 14:00,1018,0.7174,2.0447,22.2766,10.6181
2024/8/4 15:00,1018,1.3082,4.1315,34.7841,15.818
2024/8/4 16:00,1018,1.3945,3.2268,29.4545,11.6959
2024/8/4 17:00,1018,0.9647,2.371,26.312,12.2572
2024/8/4 18:00,1018,0.9709,2.8349,28.0232,11.9425
2024/8/4 19:00,1018,1.3216,3.6116,33.1664,12.8726
2024/8/4 20:00,1018,1.3701,4.3108,42.7164,12.1831
2024/8/4 21:00,1018,1.3986,4.0291,37.0147,11.6394
2024/8/4 22:00,1018,1.2851,3.4267,33.0777,12.6056
2024/8/4 23:00,1018,1.7356,4.4021,51.9493,13.2177
2024/8/5 0:00,1018,1.2441,3.6675,37.1125,11.4943
2024/8/5 1:00,1018,0.9891,3.6397,27.6347,10.7671
2024/8/5 2:00,1018,1.0868,2.9724,17.1828,10.9299
2024/8/5 3:00,1018,1.3444,2.4937,10.1286,9.151
2024/8/5 4:00,1018,1.0175,1.6289,5.8597,8.4651
2024/8/5 5:00,1018,1.374,2.1806,7.783,9.0272
2024/8/5 6:00,1018,0.9793,1.5309,6.0956,8.4996
2024/8/5 7:00,1018,0.4341,1.383,12.295,9.5587
2024/8/5 8:00,1018,0.7681,1.8081,17.0609,12.4205
2024/8/5 9:00,1018,0.7164,2.1321,13.9829,10.9581
2024/8/5 10:00,1018,0.67,2.5107,17.1699,10.1139
2024/8/5 11:00,1018,0.8218,2.4702,16.7963,10.8072
2024/8/5 12:00,1018,1.0549,2.8256,20.3674,12.125
2024/8/5 13:00,1018,0.8129,2.636,21.8034,10.1064
2024/8/5 14:00,1018,1.1367,3.5363,33.2869,11.8551
2024/8/5 15:00,1018,1.1948,3.5738,28.0311,13.0074
2024/8/5 16:00,1018,0.7265,2.5015,21.3928,10.4476
2024/8/5 17:00,1018,0.8319,2.8371,20.2979,10.6486
2024/8/5 18:00,1018,1.6631,4.0367,36.2749,14.1271
2024/8/5 19:00,1018,1.5662,4.3335,28.4471,12.9048
2024/8/5 20:00,1018,1.6163,3.9076,36.9237,13.3829
2024/8/5 21:00,1018,1.3924,3.9351,38.4001,12.6074
2024/8/5 22:00,1018,2.0428,3.9456,42.7207,22.6107
2024/8/5 23:00,1018,1.4132,2.9309,29.7728,18.3095
2024/8/6 0:00,1018,1.146,3.0798,30.2719,18.75
2024/8/6 1:00,1018,1.152,2.5598,19.9613,10.4995
2024/8/6 2:00,1018,0.4795,1.5758,11.7646,8.7507
2024/8/6 3:00,1018,0.2778,0.8034,6.1803,8.2682
2024/8/6 4:00,1018,0.3919,0.9798,8.3255,8.5167
2024/8/6 5:00,1018,0.2113,0.8597,6.5743,8.1623
2024/8/6 6:00,1018,0.2185,0.7474,8.7205,8.1322
2024/8/6 7:00,1018,0.4465,1.6792,15.5374,8.899
2024/8/6 8:00,1018,0.6567,1.8556,21.1351,10.0199
2024/8/6 9:00,1018,0.6315,2.0278,15.6537,10.1527
2024/8/6 10:00,1018,0.6809,2.1701,16.5738,9.9973
2024/8/6 11:00,1018,0.8551,2.4502,21.1741,10.6341
2024/8/6 12:00,1018,0.7901,2.2034,26.4147,11.0521
2024/8/6 13:00,1018,1.3881,2.772,28.8109,13.2017
2024/8/6 14:00,1018,1.2665,3.0381,26.5817,11.7706
2024/8/6 15:00,1018,1.1486,3.0356,24.2519,11.5405
2024/8/6 16:00,1018,0.7272,2.3073,19.2544,10.2874
2024/8/6 17:00,1018,1.0268,3.1447,20.9901,10.8312
2024/8/6 18:00,1018,1.6068,4.4344,29.0699,13.4277
2024/8/6 19:00,1018,1.9061,3.9627,34.6997,16.2846
2024/8/6 20:00,1018,1.2377,2.694,27.5266,11.5511
2024/8/6 21:00,1018,1.5879,3.3871,31.5089,21.7304
2024/8/6 22:00,1018,1.529,3.0901,33.7154,18.2848
2024/8/6 23:00,1018,1.2578,3.782,39.6319,11.4508
2024/8/7 0:00,1018,1.1988,3.2392,35.1704,11.2107
2024/8/7 1:00,1018,1.1172,3.3701,27.9982,10.5154
2024/8/7 2:00,1018,0.7787,2.2954,16.0747,10.426
2024/8/7 3:00,1018,0.4522,1.5002,10.0823,8.8557
2024/8/7 4:00,1018,0.3551,1.3708,14.6556,8.4398
2024/8/7 5:00,1018,0.3275,1.2492,9.1325,8.7331
2024/8/7 6:00,1018,0.267,1.0572,8.0358,8.4085
2024/8/7 7:00,1018,0.4819,1.5568,10.949,8.9695
2024/8/7 8:00,1018,0.5915,1.9248,16.3503,9.4914
2024/8/7 9:00,1018,0.5654,2.1681,16.5562,9.7028
2024/8/7 10:00,1018,0.9133,2.8104,16.6199,16.1856
2024/8/7 11:00,1018,1.0665,3.1218,20.3236,10.9551
2024/8/7 12:00,1018,1.0796,2.9954,28.5458,12.2312
2024/8/7 13:00,1018,0.8337,3.2252,23.8392,10.5138
2024/8/7 14:00,1018,1.0037,3.0332,26.0891,11.5165
2024/8/7 15:00,1018,0.7498,2.3493,20.1067,10.5594
2024/8/7 16:00,1018,0.8216,2.8069,24.3476,10.3036
2024/8/7 17:00,1018,1.0138,3.1909,29.9741,12.2175
2024/8/7 18:00,1018,1.9823,4.4878,37.1591,14.6656
2024/8/7 19:00,1018,2.6007,6.0974,57.7052,18.1197
2024/8/7 20:00,1018,1.9058,4.643,47.8854,14.0389
2024/8/7 21:00,1018,1.5105,4.6674,45.1394,12.9628
2024/8/7 22:00,1018,1.1481,4.124,33.3397,11.8833
2024/8/7 23:00,1018,1.7445,4.7721,35.7251,14.7023
2024/8/8 0:00,1018,2.1172,4.7765,47.1639,14.7793
2024/8/8 1:00,1018,1.2019,3.181,28.3348,12.1509
2024/8/8 2:00,1018,0.4975,1.1919,14.1184,9.2121
2024/8/8 3:00,1018,0.4453,1.0664,16.2581,9.1271
2024/8/8 4:00,1018,0.4353,1.1578,10.7887,9.1178
2024/8/8 5:00,1018,0.3763,1.2205,8.0222,11.7077
2024/8/8 6:00,1018,0.3635,1.2227,9.0325,8.5387
2024/8/8 7:00,1018,0.4247,1.5022,12.826,8.8591
2024/8/8 8:00,1018,0.9599,2.876,29.4261,11.1291
2024/8/8 9:00,1018,0.7663,3.0856,21.1157,9.9798
2024/8/8 10:00,1018,0.9785,3.4483,25.3257,10.9901
2024/8/8 11:00,1018,0.7951,2.6287,19.9623,11.4851
2024/8/8 12:00,1018,0.9187,2.942,25.0819,11.4527
2024/8/8 13:00,1018,1.222,3.312,37.252,13.4922
2024/8/8 14:00,1018,1.1812,3.6029,34.1627,11.9539
2024/8/8 15:00,1018,1.0948,2.8202,26.3366,11.4054
2024/8/8 16:00,1018,0.8196,2.5768,19.4675,11.0739
2024/8/8 17:00,1018,1.2281,4.2423,33.9168,12.4774
2024/8/8 18:00,1018,1.6961,5.4815,31.4477,12.9448
2024/8/8 19:00,1018,2.3237,4.9589,40.8654,20.964
2024/8/8 20:00,1018,1.5124,3.8388,37.0635,14.7201
2024/8/8 21:00,1018,1.511,4.081,42.6762,13.8505
2024/8/8 22:00,1018,1.0454,4.0089,30.1465,10.9085
2024/8/8 23:00,1018,1.9686,4.2283,29.8135,17.483
2024/8/9 0:00,1018,2.1963,4.5015,31.8582,17.3914
2024/8/9 1:00,1018,2.054,3.8212,26.1296,15.0697
2024/8/9 2:00,1018,1.0662,2.4676,10.8598,10.5708
2024/8/9 3:00,1018,0.4116,1.4228,9.7921,8.6952
2024/8/9 4:00,1018,0.7071,1.9644,9.001,9.6248
2024/8/9 5:00,1018,0.3327,1.0042,6.0205,8.6665
2024/8/9 6:00,1018,0.2865,1.0473,8.7586,8.524
2024/8/9 7:00,1018,0.6463,2.0621,14.2843,9.7524
2024/8/9 8:00,1018,0.7605,2.4383,18.7244,11.5176
2024/8/9 9:00,1018,1.0761,3.0778,25.5122,13.0169
2024/8/9 10:00,1018,1.3071,3.6555,23.8465,13.1837
2024/8/9 11:00,1018,0.9085,2.9949,20.5176,11.3684
2024/8/9 12:00,1018,0.9907,2.6882,36.477,13.6508
2024/8/9 13:00,1018,0.8889,2.3398,20.7728,12.6897
2024/8/9 14:00,1018,0.9546,2.8656,26.7871,11.2721
2024/8/9 15:00,1018,0.825,2.3472,20.2909,10.872
2024/8/9 16:00,1018,0.9742,2.5986,21.3881,11.4298
2024/8/9 17:00,1018,1.0762,3.1252,26.5262,14.4471
2024/8/9 18:00,1018,2.0069,3.9994,31.8945,15.7393
2024/8/9 19:00,1018,1.3537,3.3557,29.9113,13.451
2024/8/9 20:00,1018,1.0327,2.5353,27.0533,11.1847
2024/8/9 21:00,1018,0.8429,2.4005,23.8972,10.3509
2024/8/9 22:00,1018,1.5491,3.5489,29.8048,13.3556
2024/8/9 23:00,1018,1.2825,4.3833,50.3392,11.7414
2024/8/10 0:00,1018,1.0745,3.1961,39.1477,11.3609
2024/8/10 1:00,1018,1.0806,2.8619,36.3582,10.2478
2024/8/10 2:00,1018,0.476,1.4031,14.9399,9.4256
2024/8/10 3:00,1018,0.2429,0.6041,6.5525,8.5597
2024/8/10 4:00,1018,0.3129,0.8411,6.632,8.9986
2024/8/10 5:00,1018,0.2593,1.3484,8.4781,8.7792
2024/8/10 6:00,1018,0.2298,1.4195,12.2608,8.4125
2024/8/10 7:00,1018,0.4673,2.0641,18.3887,9.3645
2024/8/10 8:00,1018,0.6574,2.4807,26.8982,9.7248
2024/8/10 9:00,1018,0.7342,2.3079,20.1932,10.337
2024/8/10 10:00,1018,0.5873,1.8818,19.1956,9.9052
2024/8/10 11:00,1018,0.7532,2.793,18.0216,10.6653
2024/8/10 12:00,1018,1.3296,3.3779,37.8934,16.2768
2024/8/10 13:00,1018,1.5814,3.452,29.6054,11.3465
2024/8/10 14:00,1018,1.3521,3.2165,31.4351,12.8347
2024/8/10 15:00,1018,1.3733,3.3627,25.374,12.0059
2024/8/10 16:00,1018,2.096,4.4329,33.3686,14.4835
2024/8/10 17:00,1018,1.2678,3.6338,28.0756,13.7442
2024/8/10 18:00,1018,1.4267,3.5542,31.6721,12.6557
2024/8/10 19:00,1018,1.144,3.3189,31.8598,11.2123
2024/8/10 20:00,1018,1.2974,3.217,23.7134,11.227
2024/8/10 21:00,1018,1.4271,3.0607,33.111,14.32
2024/8/10 22:00,1018,1.5003,3.5316,52.1778,11.9945
2024/8/10 23:00,1018,1.5145,4.4029,57.2334,13.2904
2024/8/11 0:00,1018,1.1091,3.4047,31.9965,11.2989
2024/8/11 1:00,1018,1.1382,3.4995,26.6311,10.9028
2024/8/11 2:00,1018,0.852,3.1614,20.2174,9.9997
2024/8/11 3:00,1018,0.3883,1.6134,11.8442,8.8242
2024/8/11 4:00,1018,0.3084,0.9491,9.3856,8.3976
2024/8/11 5:00,1018,0.3258,0.7142,7.1446,8.5733
2024/8/11 6:00,1018,0.144,0.3291,6.5385,7.821
2024/8/11 7:00,1018,0.2266,0.6173,7.1407,8.3643
2024/8/11 8:00,1018,0.4634,1.3514,12.3058,9.4083
2024/8/11 9:00,1018,1.0936,3.1264,28.6157,10.5514
2024/8/11 10:00,1018,0.9843,3.1063,18.6945,10.8968
2024/8/11 11:00,1018,0.9811,2.7701,16.542,9.99
2024/8/11 12:00,1018,1.1339,3.03,26.841,11.2629
2024/8/11 13:00,1018,1.3795,3.7738,35.6887,12.5181
2024/8/11 14:00,1018,0.9164,2.803,24.0048,10.9453
2024/8/11 15:00,1018,0.9618,2.9947,34.5322,11.3931
2024/8/11 16:00,1018,1.1499,2.977,35.6282,12.5885
2024/8/11 17:00,1018,1.0062,3.0716,26.1386,12.2042
2024/8/11 18:00,1018,0.8994,3.2017,24.3138,11.4188
2024/8/11 19:00,1018,1.1678,3.1051,29.5983,11.9649
2024/8/11 20:00,1018,1.919,4.1943,32.7889,14.6745
2024/8/11 21:00,1018,1.4409,3.5623,24.654,13.9314
2024/8/11 22:00,1018,1.2236,3.62,24.0751,14.0557
2024/8/11 23:00,1018,1.122,2.9278,32.4296,13.9232
2024/8/12 0:00,1018,0.7946,2.2134,25.9165,10.4913
2024/8/12 1:00,1018,0.9985,3.4854,32.8504,11.7203
2024/8/12 2:00,1018,1.4004,4.6373,39.3532,12.2257
2024/8/12 3:00,1018,0.7863,2.3754,16.245,10.1814
2024/8/12 4:00,1018,0.7164,1.8306,8.8247,12.9654
2024/8/12 5:00,1018,0.1712,0.6589,5.2129,8.1452
2024/8/12 6:00,1018,0.1795,0.6545,6.0076,7.9824
2024/8/12 7:00,1018,0.426,1.5169,12.5301,9.4019
2024/8/12 8:00,1018,0.6425,1.9988,14.1732,10.4148
2024/8/12 9:00,1018,0.7218,2.6447,16.2919,10.2174
2024/8/12 10:00,1018,0.6988,2.1515,18.0256,10.2089
2024/8/12 11:00,1018,0.8709,3.2318,21.31,11.1839
2024/8/12 12:00,1018,0.9505,2.7203,26.1628,11.9718
2024/8/12 13:00,1018,0.9297,2.4021,26.1865,11.0937
2024/8/12 14:00,1018,0.9912,3.2856,22.2973,10.5479
2024/8/12 15:00,1018,1.1644,3.3451,27.7788,12.2551
2024/8/12 16:00,1018,0.8688,2.4008,20.2581,12.8662
2024/8/12 17:00,1018,0.7705,2.7231,21.8413,11.0318
2024/8/12 18:00,1018,0.9209,2.9209,19.7257,10.3663
2024/8/12 19:00,1018,1.1452,3.1546,28.8014,11.0825
2024/8/12 20:00,1018,2.0791,4.3956,39.3952,15.8155
2024/8/12 21:00,1018,1.6452,4.8795,30.702,13.6828
2024/8/12 22:00,1018,1.0857,3.5739,28.2859,12.7259
2024/8/12 23:00,1018,1.1959,3.6186,34.7753,12.0793
2024/8/13 0:00,1018,0.9966,3.3579,27.861,11.3009
2024/8/13 1:00,1018,0.9386,3.5171,16.6486,10.7175
2024/8/13 2:00,1018,0.6973,2.1878,11.0481,10.0705
2024/8/13 3:00,1018,0.6933,1.8691,8.7918,9.6089
2024/8/13 4:00,1018,0.7585,2.1731,9.3936,9.0797
2024/8/13 5:00,1018,0.6401,1.8131,8.7602,9.1016
2024/8/13 6:00,1018,0.4933,1.4201,6.7649,8.1857
2024/8/13 7:00,1018,1.0677,2.2104,10.2337,9.5658
2024/8/13 8:00,1018,0.4988,1.593,12.1515,9.0215
2024/8/13 9:00,1018,0.5662,1.7562,13.003,8.9991
2024/8/13 10:00,1018,1.1196,2.7971,21.4671,10.4063
2024/8/13 11:00,1018,0.7375,2.2761,14.5814,10.2033
2024/8/13 12:00,1018,0.8264,2.6733,24.0754,11.2849
2024/8/13 13:00,1018,0.8809,2.7026,18.9381,10.8094
2024/8/13 14:00,1018,0.7973,3.6075,17.4909,10.3006
2024/8/13 15:00,1018,0.9569,3.223,23.7333,11.6096
2024/8/13 16:00,1018,0.87,2.6365,21.6501,10.5574
2024/8/13 17:00,1018,0.9121,3.0385,21.7749,10.5469
2024/8/13 18:00,1018,1.2148,3.0948,25.3368,11.9487
2024/8/13 19:00,1018,2.6395,4.6169,39.9115,20.8389
2024/8/13 20:00,1018,3.1406,4.8941,36.2694,27.9073
2024/8/13 21:00,1018,2.6488,4.9056,66.9121,15.836
2024/8/13 22:00,1018,3.6975,6.9073,67.5294,19.1606
2024/8/13 23:00,1018,1.5964,4.578,28.5713,13.7085
2024/8/14 0:00,1018,0.9126,3.3352,25.3471,10.3506
2024/8/14 1:00,1018,0.8485,2.3596,32.495,10.1153
2024/8/14 2:00,1018,0.8165,3.003,18.3176,10.0658
2024/8/14 3:00,1018,0.7428,2.7686,12.0838,9.8496
2024/8/14 4:00,1018,0.6223,2.4976,10.836,9.2369
2024/8/14 5:00,1018,0.7253,2.4833,9.5865,10.8023
2024/8/14 6:00,1018,0.7125,2.64,11.9527,9.4561
2024/8/14 7:00,1018,0.797,2.2397,11.6292,8.679
2024/8/14 8:00,1018,0.5428,1.8905,15.6084,9.3482
2024/8/14 9:00,1018,0.4121,1.5008,10.147,9.0454
2024/8/14 10:00,1018,0.6721,2.1049,17.8445,9.3444
2024/8/14 11:00,1018,0.862,2.6893,25.4846,10.3365
2024/8/14 12:00,1018,0.9081,2.9785,25.4502,10.6116
2024/8/14 13:00,1018,0.7594,2.3163,20.0238,9.8864
2024/8/14 14:00,1018,0.7954,2.2163,20.4215,10.1752
2024/8/14 15:00,1018,0.9246,2.4116,24.5764,10.3627
2024/8/14 16:00,1018,1.0896,3.1229,25.9074,12.0916
2024/8/14 17:00,1018,1.2631,3.6117,29.384,11.4026
2024/8/14 18:00,1018,1.3148,3.8536,37.2255,11.3796
2024/8/14 19:00,1018,1.3064,3.29,38.7852,11.3125
2024/8/14 20:00,1018,1.6286,3.3844,45.0084,13.2164
2024/8/14 21:00,1018,1.5206,4.2302,42.2335,13.4533
2024/8/14 22:00,1018,1.8149,3.9558,41.4024,14.1185
2024/8/14 23:00,1018,2.1332,4.674,30.043,15.3342
2024/8/15 0:00,1018,2.1308,4.7765,40.8038,16.9456
2024/8/15 1:00,1018,1.9952,4.0898,27.8245,19.4533
2024/8/15 2:00,1018,1.2442,2.9586,13.4776,15.7813
2024/8/15 3:00,1018,0.9146,2.5942,36.969,12.8859
2024/8/15 4:00,1018,0.7394,2.156,19.2563,9.3392
2024/8/15 5:00,1018,0.2069,0.7581,5.4532,8.2406
2024/8/15 6:00,1018,0.2495,0.8189,7.3277,8.3557
2024/8/15 7:00,1018,0.288,0.8376,6.8869,8.3878
2024/8/15 8:00,1018,0.7328,2.1372,17.5963,9.7727
2024/8/15 9:00,1018,0.6088,2.1152,16.6454,10.0253
2024/8/15 10:00,1018,1.2673,3.3416,24.1548,11.2657
2024/8/15 11:00,1018,1.2184,3.2373,22.2813,10.9828
2024/8/15 12:00,1018,1.415,3.5251,31.6983,11.6325
2024/8/15 13:00,1018,1.2698,3.1173,29.5165,13.8705
2024/8/15 14:00,1018,1.7171,4.0841,34.2538,15.487
2024/8/15 15:00,1018,1.0463,2.8898,29.1459,10.6697
2024/8/15 16:00,1018,1.0256,3.3966,24.0072,10.3775
2024/8/15 17:00,1018,1.3097,4.8469,27.0996,12.1291
2024/8/15 18:00,1018,1.5753,3.65,33.1074,13.47
2024/8/15 19:00,1018,1.0609,2.9412,28.0139,11.3742
2024/8/15 20:00,1018,1.2621,3.4404,25.1553,12.6818
2024/8/15 21:00,1018,0.8504,2.0549,21.7682,11.8184
2024/8/15 22:00,1018,1.5602,3.1121,30.0684,13.1375
2024/8/15 23:00,1018,2.0478,5.6284,44.9498,15.4171
2024/8/16 0:00,1018,1.5911,3.6238,35.3512,12.808
2024/8/16 1:00,1018,1.0016,3.1082,12.2448,13.0099
2024/8/16 2:00,1018,1.2031,2.9776,13.9468,12.9031
2024/8/16 3:00,1018,0.4369,1.1911,10.5212,9.0909
2024/8/16 4:00,1018,0.388,0.9164,7.7724,8.7984
2024/8/16 5:00,1018,0.9145,1.3396,10.0528,9.3346
2024/8/16 6:00,1018,0.8207,1.3811,7.5846,8.5034
2024/8/16 7:00,1018,0.7635,1.8392,16.4832,8.8707
2024/8/16 8:00,1018,0.447,1.5244,12.4238,9.0326
2024/8/16 9:00,1018,0.4767,1.6019,11.0961,9.1274
2024/8/16 10:00,1018,0.9673,2.8203,15.4234,10.9662
2024/8/16 11:00,1018,0.9028,3.4058,17.5714,11.39
2024/8/16 12:00,1018,0.8126,2.3569,22.307,10.262
2024/8/16 13:00,1018,0.7871,2.2493,20.6872,10.4535
2024/8/16 14:00,1018,1.5684,3.2406,30.0104,11.9642
2024/8/16 15:00,1018,1.1616,3.2436,27.5384,12.193
2024/8/16 16:00,1018,1.1858,3.7783,19.7307,11.903
2024/8/16 17:00,1018,1.1624,3.3069,26.6768,12.3948
2024/8/16 18:00,1018,1.1711,3.2627,26.0351,12.1591
2024/8/16 19:00,1018,1.4386,3.3701,30.5189,13.271
2024/8/16 20:00,1018,1.1267,2.4641,21.9397,10.809
2024/8/16 21:00,1018,0.9674,2.4657,16.1206,10.1341
2024/8/16 22:00,1018,1.4285,3.3567,21.8944,12.1428
2024/8/16 23:00,1018,1.3627,3.4122,34.1095,11.3798
2024/8/17 0:00,1018,1.5442,3.456,39.0023,12.4812
2024/8/17 1:00,1018,1.6538,2.6479,17.9242,15.3695
2024/8/17 2:00,1018,1.4252,2.3187,15.4959,12.9099
2024/8/17 3:00,1018,0.9103,2.1953,16.1191,10.1709
2024/8/17 4:00,1018,0.6258,1.6321,9.7843,8.5132
2024/8/17 5:00,1018,0.3656,0.9272,7.5757,8.738
2024/8/17 6:00,1018,0.8375,2.1603,13.0172,12.1087
2024/8/17 7:00,1018,0.8648,2.4643,11.5308,9.4295
2024/8/17 8:00,1018,0.713,2.7567,11.9679,10.7401
2024/8/17 9:00,1018,0.5865,2.9222,11.8513,9.3141
2024/8/17 10:00,1018,0.8082,3.0045,20.512,10.1016
2024/8/17 11:00,1018,1.0083,3.5989,18.8691,10.2387
2024/8/17 12:00,1018,0.813,2.9155,25.6435,10.5748
2024/8/17 13:00,1018,1.2981,4.1407,31.3211,12.7031
2024/8/17 14:00,1018,1.0206,2.7831,20.9346,12.1558
2024/8/17 15:00,1018,0.9381,2.6004,23.2946,10.6716
2024/8/17 16:00,1018,1.0193,3.0628,34.5384,11.018
2024/8/17 17:00,1018,1.4702,3.8072,29.6793,11.5373
2024/8/17 18:00,1018,1.5671,3.7834,25.3748,13.2885
2024/8/17 19:00,1018,1.7708,3.8378,26.7915,15.9613
2024/8/17 20:00,1018,1.616,4.7431,25.4682,12.5131
2024/8/17 21:00,1018,0.743,2.7535,17.431,10.1233
2024/8/17 22:00,1018,1.4781,4.1077,25.2032,16.3802
2024/8/17 23:00,1018,1.3922,4.1868,27.9061,11.4553
2024/8/18 0:00,1018,2.251,4.574,37.5615,23.3515
2024/8/18 1:00,1018,2.1886,4.7042,36.2796,16.7381
2024/8/18 2:00,1018,1.2237,3.2439,19.0461,10.893
2024/8/18 3:00,1018,0.7206,2.5449,9.4716,9.021
2024/8/18 4:00,1018,0.8894,3.5062,12.3965,9.2938
2024/8/18 5:00,1018,0.8878,3.043,10.4486,9.0851
2024/8/18 6:00,1018,1.0367,3.1315,12.3991,9.3911
2024/8/18 7:00,1018,0.9038,2.5155,14.7896,9.4338
2024/8/18 8:00,1018,0.4691,1.6546,11.7603,8.9265
2024/8/18 9:00,1018,0.7209,2.2698,20.9588,11.4269
2024/8/18 10:00,1018,1.0504,2.8719,24.862,10.9017
2024/8/18 11:00,1018,1.0543,2.2963,17.5036,11.1984
2024/8/18 12:00,1018,0.9329,2.5553,26.8644,10.8191
2024/8/18 13:00,1018,0.6457,1.691,16.4698,9.6506
2024/8/18 14:00,1018,0.9297,2.4292,22.1085,10.77
2024/8/18 15:00,1018,1.1347,3.1391,26.1042,10.8822
2024/8/18 16:00,1018,0.8595,2.4456,19.2606,10.0826
2024/8/18 17:00,1018,1.0059,2.9115,28.6436,10.2618
2024/8/18 18:00,1018,0.9926,2.7614,21.5741,11.2762
2024/8/18 19:00,1018,0.9937,2.842,26.7183,12.711
2024/8/18 20:00,1018,1.1103,2.4632,26.5206,11.0771
2024/8/18 21:00,1018,0.9446,3.1392,22.1018,10.7985
2024/8/18 22:00,1018,1.9379,6.0745,38.3809,21.7178
2024/8/18 23:00,1018,1.9414,5.1928,52.6658,18.9973
2024/7/20 0:00,1019,0.5014,0.8237,7.4311,9.474
2024/7/20 1:00,1019,NIL,NIL,NIL,NIL
2024/7/20 2:00,1019,NIL,NIL,NIL,NIL
2024/7/20 3:00,1019,NIL,NIL,NIL,NIL
2024/7/20 4:00,1019,NIL,NIL,NIL,NIL
2024/7/20 5:00,1019,NIL,NIL,NIL,NIL
2024/7/20 6:00,1019,0.0465,0.1524,3.98,7.4343
2024/7/20 7:00,1019,0.0801,0.2742,5.4755,7.4649
2024/7/20 8:00,1019,0.1182,0.406,4.7927,7.6976
2024/7/20 9:00,1019,0.1869,0.5412,5.5194,7.9264
2024/7/20 10:00,1019,0.1483,0.5255,5.7556,7.786
2024/7/20 11:00,1019,0.2257,0.9093,7.8565,8.0644
2024/7/20 12:00,1019,0.2815,0.7468,8.7208,7.9502
2024/7/20 13:00,1019,0.2241,0.6337,9.8915,8.0846
2024/7/20 14:00,1019,0.0888,0.2828,5.0215,7.5703
2024/7/20 15:00,1019,0.291,0.7047,9.4367,8.8222
2024/7/20 16:00,1019,0.1671,0.5052,5.2204,8.4904
2024/7/20 17:00,1019,0.4762,1.1015,10.1585,10.1993
2024/7/20 18:00,1019,0.4051,1.5228,18.2129,9.1213
2024/7/20 19:00,1019,0.4247,1.2544,11.6826,8.432
2024/7/20 20:00,1019,0.3066,1.5185,8.1937,9.2322
2024/7/20 21:00,1019,0.1971,0.993,7.2479,7.7991
2024/7/20 22:00,1019,0.2151,0.9571,7.0607,8.0126
2024/7/20 23:00,1019,0.1209,1.2709,5.8475,7.8357
2024/7/21 0:00,1019,0.5086,2.2114,25.3247,8.5387
2024/7/21 1:00,1019,NIL,NIL,NIL,NIL
2024/7/21 2:00,1019,NIL,NIL,NIL,NIL
2024/7/21 3:00,1019,NIL,NIL,NIL,NIL
2024/7/21 4:00,1019,NIL,NIL,NIL,NIL
2024/7/21 5:00,1019,NIL,NIL,NIL,NIL
2024/7/21 6:00,1019,0.0449,0.0943,4.2738,7.3135
2024/7/21 7:00,1019,0.0759,0.2191,4.5095,7.4044
2024/7/21 8:00,1019,0.1994,0.6865,6.1751,8.0607
2024/7/21 9:00,1019,0.2087,0.5839,6.9446,8.0963
2024/7/21 10:00,1019,0.3878,1.1265,9.6085,9.1006
2024/7/21 11:00,1019,0.3679,0.7793,9.4416,8.5399
2024/7/21 12:00,1019,0.5416,1.5239,13.7042,8.6627
2024/7/21 13:00,1019,0.1291,0.3221,6.2129,7.6862
2024/7/21 14:00,1019,0.3153,0.7566,9.4562,8.7421
2024/7/21 15:00,1019,0.4081,1.2769,9.6825,8.7236
2024/7/21 16:00,1019,0.8754,1.7691,11.1095,10.7034
2024/7/21 17:00,1019,0.3873,1.6598,8.5981,8.3306
2024/7/21 18:00,1019,0.596,1.6086,11.7505,9.1694
2024/7/21 19:00,1019,0.9011,2.089,11.9273,9.3947
2024/7/21 20:00,1019,0.7802,2.0008,12.3275,9.4159
2024/7/21 21:00,1019,0.2502,1.1162,8.7657,8.3795
2024/7/21 22:00,1019,0.4333,1.837,13.4484,10.2878
2024/7/21 23:00,1019,0.1854,1.2416,6.6868,7.8497
2024/7/22 0:00,1019,0.5236,1.9593,8.171,8.2555
2024/7/22 1:00,1019,NIL,NIL,NIL,NIL
2024/7/22 2:00,1019,NIL,NIL,NIL,NIL
2024/7/22 3:00,1019,NIL,NIL,NIL,NIL
2024/7/22 4:00,1019,NIL,NIL,NIL,NIL
2024/7/22 5:00,1019,NIL,NIL,NIL,NIL
2024/7/22 6:00,1019,0.1225,0.3079,4.4261,7.6367
2024/7/22 7:00,1019,0.1663,0.4584,4.8938,7.7413
2024/7/22 8:00,1019,0.2999,0.7511,7.8343,9.8511
2024/7/22 9:00,1019,0.5066,1.4251,11.6849,9.191
2024/7/22 10:00,1019,0.5223,1.2323,14.1472,9.0155
2024/7/22 11:00,1019,0.5544,1.3855,10.8764,9.2213
2024/7/22 12:00,1019,0.6217,1.6121,12.0592,8.6067
2024/7/22 13:00,1019,0.4935,1.4433,8.4939,9.6849
2024/7/22 14:00,1019,0.2157,1.1185,10.6682,7.9155
2024/7/22 15:00,1019,0.2753,0.8895,8.9508,8.194
2024/7/22 16:00,1019,0.4405,1.4667,12.3757,8.7683
2024/7/22 17:00,1019,0.892,1.7293,11.2606,8.8039
2024/7/22 18:00,1019,0.6044,1.5931,11.3743,8.7069
2024/7/22 19:00,1019,0.4984,2.0139,8.7119,8.7341
2024/7/22 20:00,1019,0.6205,2.7851,14.4022,9.2386
2024/7/22 21:00,1019,0.7995,2.783,19.0663,9.5356
2024/7/22 22:00,1019,0.4185,2.2679,10.987,8.5826
2024/7/22 23:00,1019,1.0663,2.3571,13.226,11.7062
2024/7/23 0:00,1019,1.0243,1.7364,10.7511,11.912
2024/7/23 1:00,1019,0.603,0.8921,9.5955,8.1201
2024/7/23 2:00,1019,0.6025,1.0222,6.5261,8.1183
2024/7/23 3:00,1019,NIL,NIL,NIL,NIL
2024/7/23 4:00,1019,NIL,NIL,NIL,NIL
2024/7/23 5:00,1019,NIL,NIL,NIL,NIL
2024/7/23 6:00,1019,0.0886,0.2918,4.9755,7.433
2024/7/23 7:00,1019,0.1426,0.4376,6.2967,7.7684
2024/7/23 8:00,1019,0.334,0.7812,9.104,8.0001
2024/7/23 9:00,1019,0.2667,0.6437,10.1171,8.1057
2024/7/23 10:00,1019,0.2584,0.725,13.8959,7.9491
2024/7/23 11:00,1019,0.2807,1.4082,8.2333,8.2655
2024/7/23 12:00,1019,0.4917,1.2186,18.3872,8.9134
2024/7/23 13:00,1019,0.3939,1.008,10.8705,8.4203
2024/7/23 14:00,1019,0.2182,0.581,6.6693,7.757
2024/7/23 15:00,1019,0.4336,0.8318,6.0486,8.6622
2024/7/23 16:00,1019,0.8933,1.4487,6.8386,10.2255
2024/7/23 17:00,1019,0.391,1.0182,7.7268,8.3267
2024/7/23 18:00,1019,0.3118,0.886,7.7392,8.5133
2024/7/23 19:00,1019,0.6249,1.2425,8.4091,8.6791
2024/7/23 20:00,1019,0.3114,0.9172,10.003,7.9343
2024/7/23 21:00,1019,0.2272,0.5345,5.2791,7.7531
2024/7/23 22:00,1019,0.2801,0.6687,7.3432,8.0648
2024/7/23 23:00,1019,0.4293,1.0385,6.3532,8.1988
2024/7/24 0:00,1019,0.386,0.9735,6.6837,8.4078
2024/7/24 1:00,1019,NIL,NIL,NIL,NIL
2024/7/24 2:00,1019,NIL,NIL,NIL,NIL
2024/7/24 3:00,1019,NIL,NIL,NIL,NIL
2024/7/24 4:00,1019,NIL,NIL,NIL,NIL
2024/7/24 5:00,1019,NIL,NIL,NIL,NIL
2024/7/24 6:00,1019,0.0231,0.0886,3.4985,7.266
2024/7/24 7:00,1019,0.4509,0.9666,9.8184,8.5675
2024/7/24 8:00,1019,0.139,0.3218,5.8159,7.7991
2024/7/24 9:00,1019,0.2057,0.6211,5.6659,8.0182
2024/7/24 10:00,1019,0.3566,0.8002,7.5984,8.2374
2024/7/24 11:00,1019,0.4069,1.566,10.3978,9.0007
2024/7/24 12:00,1019,1.1356,2.1273,17.7181,9.3919
2024/7/24 13:00,1019,0.28,0.7477,8.1664,8.098
2024/7/24 14:00,1019,0.3366,0.8568,8.1619,8.1344
2024/7/24 15:00,1019,0.5458,1.1421,9.2156,8.5186
2024/7/24 16:00,1019,0.2435,0.7231,7.2339,8.0569
2024/7/24 17:00,1019,0.296,0.9338,6.5002,8.2419
2024/7/24 18:00,1019,0.2511,0.7446,6.4572,8.1306
2024/7/24 19:00,1019,0.3396,1.2091,8.921,8.1006
2024/7/24 20:00,1019,0.4149,1.2649,11.0417,8.3739
2024/7/24 21:00,1019,0.2443,1.3461,7.3035,8.2566
2024/7/24 22:00,1019,0.7867,1.5302,14.2838,10.3239
2024/7/24 23:00,1019,0.2473,1.0672,7.8708,8.0423
2024/7/25 0:00,1019,0.1766,0.6823,9.052,7.8145
2024/7/25 1:00,1019,NIL,NIL,NIL,NIL
2024/7/25 2:00,1019,NIL,NIL,NIL,NIL
2024/7/25 3:00,1019,NIL,NIL,NIL,NIL
2024/7/25 4:00,1019,NIL,NIL,NIL,NIL
2024/7/25 5:00,1019,NIL,NIL,NIL,NIL
2024/7/25 6:00,1019,0.0241,0.0737,3.5779,7.2659
2024/7/25 7:00,1019,0.154,0.611,6.2384,7.6459
2024/7/25 8:00,1019,0.3054,0.6669,8.6291,17.0256
2024/7/25 9:00,1019,0.2153,0.5779,8.0805,7.8603
2024/7/25 10:00,1019,0.4154,1.0066,16.3558,10.2785
2024/7/25 11:00,1019,0.3881,0.9974,8.356,9.0023
2024/7/25 12:00,1019,0.2767,0.7197,6.6287,8.3788
2024/7/25 13:00,1019,0.2747,0.9141,6.3449,8.0789
2024/7/25 14:00,1019,0.6893,1.4165,8.2624,10.9781
2024/7/25 15:00,1019,0.2776,0.8592,7.5149,8.5389
2024/7/25 16:00,1019,0.3195,1.0695,8.3816,8.4525
2024/7/25 17:00,1019,0.4717,1.2641,8.9832,8.806
2024/7/25 18:00,1019,0.3527,0.9942,6.8698,8.6003
2024/7/25 19:00,1019,0.3379,0.6198,5.3216,8.0518
2024/7/25 20:00,1019,0.8055,1.2662,8.7108,9.8689
2024/7/25 21:00,1019,1.1034,2.0397,7.7206,10.7693
2024/7/25 22:00,1019,0.3913,1.3791,7.8247,8.718
2024/7/25 23:00,1019,0.4187,1.0418,7.1995,8.4011
2024/7/26 0:00,1019,0.0749,0.185,4.0596,7.4204
2024/7/26 1:00,1019,NIL,NIL,NIL,NIL
2024/7/26 2:00,1019,NIL,NIL,NIL,NIL
2024/7/26 3:00,1019,NIL,NIL,NIL,NIL
2024/7/26 4:00,1019,NIL,NIL,NIL,NIL
2024/7/26 5:00,1019,NIL,NIL,NIL,NIL
2024/7/26 6:00,1019,0.0729,0.1538,4.9827,7.3866
2024/7/26 7:00,1019,0.1097,0.3914,4.8308,7.5303
2024/7/26 8:00,1019,0.1715,0.3659,6.2147,7.8209
2024/7/26 9:00,1019,0.1545,0.4633,5.4353,8.2737
2024/7/26 10:00,1019,0.4861,0.8882,8.3253,12.94
2024/7/26 11:00,1019,0.5276,1.1722,9.2503,9.3999
2024/7/26 12:00,1019,0.379,0.9257,7.3332,8.6725
2024/7/26 13:00,1019,0.2391,0.5292,7.3557,8.5791
2024/7/26 14:00,1019,0.1557,0.4043,5.5204,7.6023
2024/7/26 15:00,1019,0.3341,0.8482,8.279,8.9501
2024/7/26 16:00,1019,0.2431,0.8268,7.9535,8.0726
2024/7/26 17:00,1019,0.2814,0.9934,7.104,8.2349
2024/7/26 18:00,1019,0.5531,1.4654,9.8892,8.9057
2024/7/26 19:00,1019,0.5168,0.999,7.1203,8.7983
2024/7/26 20:00,1019,0.3738,1.3188,8.0163,9.2046
2024/7/26 21:00,1019,0.4558,1.3716,10.5334,8.9016
2024/7/26 22:00,1019,0.1772,0.7527,6.2913,7.7094
2024/7/26 23:00,1019,0.2007,0.6461,9.2275,8.0836
2024/7/27 0:00,1019,0.9633,1.2553,8.6733,13.7277
2024/7/27 1:00,1019,NIL,NIL,NIL,NIL
2024/7/27 2:00,1019,NIL,NIL,NIL,NIL
2024/7/27 3:00,1019,NIL,NIL,NIL,NIL
2024/7/27 4:00,1019,NIL,NIL,NIL,NIL
2024/7/27 5:00,1019,NIL,NIL,NIL,NIL
2024/7/27 6:00,1019,0.1263,0.3614,5.2624,7.5738
2024/7/27 7:00,1019,0.0957,0.4165,4.8989,7.5633
2024/7/27 8:00,1019,0.1159,0.447,4.0786,7.5537
2024/7/27 9:00,1019,0.1216,0.4691,5.1452,7.7427
2024/7/27 10:00,1019,0.2392,0.7148,6.1855,7.8235
2024/7/27 11:00,1019,0.3483,1.1411,10.3863,8.4424
2024/7/27 12:00,1019,0.2974,0.7809,6.7213,8.0832
2024/7/27 13:00,1019,0.3616,1.2221,7.9124,9.7197
2024/7/27 14:00,1019,0.3086,0.9401,9.2991,8.3344
2024/7/27 15:00,1019,0.3634,1.3175,11.1901,8.6849
2024/7/27 16:00,1019,0.3532,1.5278,9.602,8.6416
2024/7/27 17:00,1019,0.1801,0.4895,6.0148,8.2177
2024/7/27 18:00,1019,0.1899,0.803,5.5661,8.1572
2024/7/27 19:00,1019,0.3824,1.7078,7.1842,8.2133
2024/7/27 20:00,1019,0.6319,1.8173,13.6067,9.1194
2024/7/27 21:00,1019,0.5296,1.5661,10.1721,8.5126
2024/7/27 22:00,1019,0.309,0.6363,13.391,8.6237
2024/7/27 23:00,1019,0.1116,0.2528,5.533,7.6455
2024/7/28 0:00,1019,0.0503,0.4208,5.2189,7.3892
2024/7/28 1:00,1019,NIL,NIL,NIL,NIL
2024/7/28 2:00,1019,NIL,NIL,NIL,NIL
2024/7/28 3:00,1019,NIL,NIL,NIL,NIL
2024/7/28 4:00,1019,NIL,NIL,NIL,NIL
2024/7/28 5:00,1019,NIL,NIL,NIL,NIL
2024/7/28 6:00,1019,0.1288,0.2673,4.8863,8.4793
2024/7/28 7:00,1019,0.1461,0.2497,4.525,12.8017
2024/7/28 8:00,1019,0.3203,0.8027,9.1551,9.9643
2024/7/28 9:00,1019,0.2668,0.7198,6.9173,9.174
2024/7/28 10:00,1019,0.286,0.8331,6.4428,8.3129
2024/7/28 11:00,1019,0.4861,1.8924,8.8066,8.5512
2024/7/28 12:00,1019,0.7652,1.6063,7.9666,9.6044
2024/7/28 13:00,1019,0.4406,1.1776,10.2218,8.5644
2024/7/28 14:00,1019,0.273,0.8325,9.4551,8.2076
2024/7/28 15:00,1019,0.3957,1.0948,11.3685,8.3727
2024/7/28 16:00,1019,0.4113,1.5221,11.2485,8.5358
2024/7/28 17:00,1019,0.7554,2.2202,22.0154,8.6923
2024/7/28 18:00,1019,0.7222,1.5493,12.2812,9.7523
2024/7/28 19:00,1019,0.324,0.9966,8.148,8.0211
2024/7/28 20:00,1019,0.2301,0.5001,5.2035,8.1898
2024/7/28 21:00,1019,0.4427,2.123,10.4231,8.7207
2024/7/28 22:00,1019,0.5085,2.1753,10.0252,8.4862
2024/7/28 23:00,1019,0.4298,2.1189,8.0844,8.3289
2024/7/29 0:00,1019,0.0853,0.5526,4.1534,7.5968
2024/7/29 1:00,1019,NIL,NIL,NIL,NIL
2024/7/29 2:00,1019,NIL,NIL,NIL,NIL
2024/7/29 3:00,1019,NIL,NIL,NIL,NIL
2024/7/29 4:00,1019,NIL,NIL,NIL,NIL
2024/7/29 5:00,1019,NIL,NIL,NIL,NIL
2024/7/29 6:00,1019,0.0856,0.2952,5.3341,7.4986
2024/7/29 7:00,1019,0.1811,0.5915,6.706,7.8662
2024/7/29 8:00,1019,0.2763,1.102,9.6883,8.3687
2024/7/29 9:00,1019,0.2912,1.1158,12.3911,8.6104
2024/7/29 10:00,1019,0.5831,1.7073,14.0008,9.0697
2024/7/29 11:00,1019,0.324,0.8537,7.1103,8.1888
2024/7/29 12:00,1019,0.3541,0.9433,8.97,8.1118
2024/7/29 13:00,1019,0.3385,1.1377,19.6346,8.5435
2024/7/29 14:00,1019,0.1398,0.4299,5.9184,7.7603
2024/7/29 15:00,1019,0.1564,0.6097,6.4835,7.8819
2024/7/29 16:00,1019,0.2646,0.9488,9.0245,8.6969
2024/7/29 17:00,1019,0.4577,1.1587,16.14,8.9598
2024/7/29 18:00,1019,0.2882,1.1282,7.5781,8.1163
2024/7/29 19:00,1019,0.2834,0.7933,5.7224,7.8644
2024/7/29 20:00,1019,0.2343,0.8184,6.5669,8.0912
2024/7/29 21:00,1019,0.2615,0.5096,5.9433,7.8515
2024/7/29 22:00,1019,0.4007,0.6267,4.9722,8.5079
2024/7/29 23:00,1019,0.3388,0.5226,6.4179,8.3443
2024/7/30 0:00,1019,0.1025,0.3046,5.9357,7.5863
2024/7/30 1:00,1019,NIL,NIL,NIL,NIL
2024/7/30 2:00,1019,NIL,NIL,NIL,NIL
2024/7/30 3:00,1019,NIL,NIL,NIL,NIL
2024/7/30 4:00,1019,NIL,NIL,NIL,NIL
2024/7/30 5:00,1019,NIL,NIL,NIL,NIL
2024/7/30 6:00,1019,0.0349,0.1439,4.3156,7.3311
2024/7/30 7:00,1019,0.1212,0.399,5.1744,7.5879
2024/7/30 8:00,1019,0.1583,0.4465,6.3656,7.8515
2024/7/30 9:00,1019,0.2323,1.0905,6.3063,7.9494
2024/7/30 10:00,1019,0.2522,0.7536,7.0124,7.9865
2024/7/30 11:00,1019,0.2387,0.7815,7.6475,7.9833
2024/7/30 12:00,1019,0.5587,1.7057,13.3949,9.3483
2024/7/30 13:00,1019,0.5951,1.7587,14.8842,8.4837
2024/7/30 14:00,1019,0.4405,1.1532,10.5214,8.2749
2024/7/30 15:00,1019,0.2552,0.841,7.5178,7.8549
2024/7/30 16:00,1019,0.2105,0.9982,8.2309,7.856
2024/7/30 17:00,1019,0.3051,0.8487,6.6613,8.2251
2024/7/30 18:00,1019,0.2521,0.799,8.1621,8.3994
2024/7/30 19:00,1019,0.5161,1.2264,8.2606,9.4669
2024/7/30 20:00,1019,0.3922,0.8722,7.7181,8.2791
2024/7/30 21:00,1019,0.2816,1.0603,7.6289,8.3547
2024/7/30 22:00,1019,0.3597,0.9833,6.47,8.227
2024/7/30 23:00,1019,0.2659,0.6105,9.0962,8.2805
2024/7/31 0:00,1019,0.117,0.2599,4.2198,7.695
2024/7/31 1:00,1019,NIL,NIL,NIL,NIL
2024/7/31 2:00,1019,NIL,NIL,NIL,NIL
2024/7/31 3:00,1019,NIL,NIL,NIL,NIL
2024/7/31 4:00,1019,NIL,NIL,NIL,NIL
2024/7/31 5:00,1019,NIL,NIL,NIL,NIL
2024/7/31 6:00,1019,0.054,0.1507,3.94,7.3832
2024/7/31 7:00,1019,0.1327,0.4872,5.4967,7.6571
2024/7/31 8:00,1019,0.1823,0.4372,4.8347,7.5574
2024/7/31 9:00,1019,0.1377,0.5874,4.9553,7.7695
2024/7/31 10:00,1019,0.2216,0.8321,7.5508,7.9033
2024/7/31 11:00,1019,0.4682,1.3682,7.8013,8.2403
2024/7/31 12:00,1019,0.4579,1.7117,9.9332,8.931
2024/7/31 13:00,1019,0.2791,0.9745,8.8101,7.9577
2024/7/31 14:00,1019,0.1333,0.4748,4.5296,7.573
2024/7/31 15:00,1019,0.309,0.7528,10.147,8.1934
2024/7/31 16:00,1019,0.5008,1.3186,8.6254,9.0154
2024/7/31 17:00,1019,0.5952,1.982,10.5119,8.4519
2024/7/31 18:00,1019,0.5355,1.9939,10.6899,8.788
2024/7/31 19:00,1019,0.4249,1.3154,9.8743,8.5344
2024/7/31 20:00,1019,0.7473,2.0669,10.6992,9.1206
2024/7/31 21:00,1019,1.1108,2.5598,18.3284,11.5393
2024/7/31 22:00,1019,0.8574,2.1382,12.8655,9.9057
2024/7/31 23:00,1019,1.9721,2.6984,13.5387,12.647
2024/8/1 0:00,1019,0.4339,1.1378,5.8442,8.8419
2024/8/1 1:00,1019,NIL,NIL,NIL,NIL
2024/8/1 2:00,1019,NIL,NIL,NIL,NIL
2024/8/1 3:00,1019,NIL,NIL,NIL,NIL
2024/8/1 4:00,1019,NIL,NIL,NIL,NIL
2024/8/1 5:00,1019,NIL,NIL,NIL,NIL
2024/8/1 6:00,1019,0.065,0.3206,3.7848,7.3901
2024/8/1 7:00,1019,0.2743,0.6749,7.3933,7.831
2024/8/1 8:00,1019,0.1768,0.5398,6.2864,7.7411
2024/8/1 9:00,1019,0.146,0.4725,7.9418,7.8548
2024/8/1 10:00,1019,0.1636,0.5192,5.8699,7.8012
2024/8/1 11:00,1019,0.3049,0.8888,8.1814,8.1932
2024/8/1 12:00,1019,0.4114,1.3948,15.3458,8.5248
2024/8/1 13:00,1019,0.1784,0.5458,7.1735,7.8117
2024/8/1 14:00,1019,0.4217,1.0082,9.6465,8.1454
2024/8/1 15:00,1019,0.1666,0.5723,6.1279,7.6325
2024/8/1 16:00,1019,0.5169,1.6542,9.9837,8.4032
2024/8/1 17:00,1019,1.1616,2.8802,11.3602,8.8847
2024/8/1 18:00,1019,0.2533,0.7276,6.9115,8.0282
2024/8/1 19:00,1019,0.2006,0.6917,7.906,8.0988
2024/8/1 20:00,1019,0.2893,0.9887,8.8749,8.2812
2024/8/1 21:00,1019,0.2489,0.7499,9.1659,8.1346
2024/8/1 22:00,1019,0.2325,0.6424,7.2186,8.0268
2024/8/1 23:00,1019,1.2311,1.7867,12.2822,12.4372
2024/8/2 0:00,1019,0.2013,0.63,8.538,8.1157
2024/8/2 1:00,1019,NIL,NIL,NIL,NIL
2024/8/2 2:00,1019,NIL,NIL,NIL,NIL
2024/8/2 3:00,1019,NIL,NIL,NIL,NIL
2024/8/2 4:00,1019,NIL,NIL,NIL,NIL
2024/8/2 5:00,1019,NIL,NIL,NIL,NIL
2024/8/2 6:00,1019,0.0408,0.128,4.0863,7.3907
2024/8/2 7:00,1019,0.1607,0.4792,5.8277,7.6985
2024/8/2 8:00,1019,0.1975,0.5255,9.4138,7.7774
2024/8/2 9:00,1019,0.3754,1.3675,14.3539,8.0203
2024/8/2 10:00,1019,0.3792,1.5741,10.5113,8.4359
2024/8/2 11:00,1019,0.2407,0.8256,5.4008,8.0225
2024/8/2 12:00,1019,0.3221,0.8603,10.5677,8.3225
2024/8/2 13:00,1019,0.247,0.7655,7.7665,7.9148
2024/8/2 14:00,1019,0.1749,0.518,7.4423,7.7199
2024/8/2 15:00,1019,0.3595,0.9508,6.0113,8.0779
2024/8/2 16:00,1019,0.2559,0.6989,6.6837,8.4022
2024/8/2 17:00,1019,0.2786,0.7868,6.2011,8.1405
2024/8/2 18:00,1019,0.3334,0.828,7.6502,8.7007
2024/8/2 19:00,1019,0.3162,0.7996,6.3666,8.0273
2024/8/2 20:00,1019,0.3407,1.0958,8.0939,8.0905
2024/8/2 21:00,1019,0.3368,1.2839,8.6454,8.338
2024/8/2 22:00,1019,0.3104,1.0677,10.7149,8.3371
2024/8/2 23:00,1019,0.2174,0.7051,7.2784,8.0935
2024/8/3 0:00,1019,0.1413,0.3388,5.2851,7.5554
2024/8/3 1:00,1019,NIL,NIL,NIL,NIL
2024/8/3 2:00,1019,NIL,NIL,NIL,NIL
2024/8/3 3:00,1019,NIL,NIL,NIL,NIL
2024/8/3 4:00,1019,NIL,NIL,NIL,NIL
2024/8/3 5:00,1019,NIL,NIL,NIL,NIL
2024/8/3 6:00,1019,0.1388,0.4401,5.9277,7.6127
2024/8/3 7:00,1019,0.13,0.3559,5.5601,7.7545
2024/8/3 8:00,1019,0.2131,0.7778,8.1497,8.1769
2024/8/3 9:00,1019,0.1258,0.5895,4.9219,7.6133
2024/8/3 10:00,1019,0.2753,0.9322,9.4459,8.2427
2024/8/3 11:00,1019,0.3708,1.3145,10.9586,8.5078
2024/8/3 12:00,1019,0.2474,0.6115,8.2857,8.038
2024/8/3 13:00,1019,0.1792,0.4493,6.9075,7.7981
2024/8/3 14:00,1019,0.2513,0.6504,6.8639,8.0035
2024/8/3 15:00,1019,0.1205,0.3843,6.1834,7.52
2024/8/3 16:00,1019,0.3687,0.8132,9.2514,8.4789
2024/8/3 17:00,1019,0.3111,0.7032,11.4429,8.0989
2024/8/3 18:00,1019,0.1271,0.3904,6.3269,7.8349
2024/8/3 19:00,1019,0.2027,0.9662,6.7978,8.2216
2024/8/3 20:00,1019,0.2871,1.5509,8.4715,8.3856
2024/8/3 21:00,1019,0.2666,1.1865,7.9717,8.1272
2024/8/3 22:00,1019,0.2957,0.5279,10.5515,7.882
2024/8/3 23:00,1019,0.0707,0.1683,4.9966,7.4717
2024/8/4 0:00,1019,0.1709,0.5292,7.8816,7.7032
2024/8/4 1:00,1019,NIL,NIL,NIL,NIL
2024/8/4 2:00,1019,NIL,NIL,NIL,NIL
2024/8/4 3:00,1019,NIL,NIL,NIL,NIL
2024/8/4 4:00,1019,NIL,NIL,NIL,NIL
2024/8/4 5:00,1019,NIL,NIL,NIL,NIL
2024/8/4 6:00,1019,0.0727,0.1839,3.8888,7.3404
2024/8/4 7:00,1019,0.2426,0.649,7.0373,7.6997
2024/8/4 8:00,1019,0.2135,0.5506,6.4237,7.9827
2024/8/4 9:00,1019,0.2786,0.7611,6.1819,8.0743
2024/8/4 10:00,1019,0.1979,0.6096,6.6875,7.7962
2024/8/4 11:00,1019,0.2317,0.7017,7.3023,7.832
2024/8/4 12:00,1019,0.4717,0.9799,6.9087,8.5904
2024/8/4 13:00,1019,0.159,0.427,6.636,7.6358
2024/8/4 14:00,1019,0.1546,0.3455,7.4835,7.9152
2024/8/4 15:00,1019,0.2115,0.7153,8.7254,7.962
2024/8/4 16:00,1019,0.1771,0.735,6.1015,7.8345
2024/8/4 17:00,1019,0.3184,1.1736,8.9931,8.0292
2024/8/4 18:00,1019,0.2227,0.9043,8.8518,7.9216
2024/8/4 19:00,1019,0.2376,0.9206,7.3733,8.1181
2024/8/4 20:00,1019,0.3749,1.0183,9.0904,9.8427
2024/8/4 21:00,1019,0.1843,0.4835,7.7523,8.0521
2024/8/4 22:00,1019,0.349,1.1056,11.9538,8.4452
2024/8/4 23:00,1019,0.2654,0.704,9.5693,8.0457
2024/8/5 0:00,1019,0.0739,0.164,4.5943,7.4698
2024/8/5 1:00,1019,NIL,NIL,NIL,NIL
2024/8/5 2:00,1019,NIL,NIL,NIL,NIL
2024/8/5 3:00,1019,NIL,NIL,NIL,NIL
2024/8/5 4:00,1019,NIL,NIL,NIL,NIL
2024/8/5 5:00,1019,NIL,NIL,NIL,NIL
2024/8/5 6:00,1019,0.0615,0.4278,4.21,7.4892
2024/8/5 7:00,1019,0.1906,0.4281,6.8112,8.1398
2024/8/5 8:00,1019,0.1942,0.479,6.0048,8.9154
2024/8/5 9:00,1019,0.2677,0.7722,6.862,8.126
2024/8/5 10:00,1019,0.222,0.5768,7.0213,8.0827
2024/8/5 11:00,1019,0.3445,1.2136,8.6187,8.2653
2024/8/5 12:00,1019,0.2457,0.715,10.2002,7.8688
2024/8/5 13:00,1019,0.3194,0.8004,11.9017,8.605
2024/8/5 14:00,1019,0.3286,1.0471,10.189,8.3345
2024/8/5 15:00,1019,0.3778,1.6008,14.064,8.7927
2024/8/5 16:00,1019,0.6387,2.2805,15.8068,8.8338
2024/8/5 17:00,1019,0.4012,1.5683,14.0531,8.563
2024/8/5 18:00,1019,0.34,1.4005,8.3176,8.2649
2024/8/5 19:00,1019,0.3683,1.6738,8.9982,8.2765
2024/8/5 20:00,1019,0.2266,0.6044,7.2753,7.9065
2024/8/5 21:00,1019,0.2247,0.8219,5.0741,8.0703
2024/8/5 22:00,1019,0.1688,0.5017,7.2734,7.8913
2024/8/5 23:00,1019,0.3034,0.5984,13.567,8.3561
2024/8/6 0:00,1019,0.1741,0.5621,7.4387,7.9522
2024/8/6 1:00,1019,NIL,NIL,NIL,NIL
2024/8/6 2:00,1019,NIL,NIL,NIL,NIL
2024/8/6 3:00,1019,NIL,NIL,NIL,NIL
2024/8/6 4:00,1019,NIL,NIL,NIL,NIL
2024/8/6 5:00,1019,NIL,NIL,NIL,NIL
2024/8/6 6:00,1019,0.0897,0.4015,5.2416,7.4587
2024/8/6 7:00,1019,0.1387,0.4359,6.5161,7.8118
2024/8/6 8:00,1019,0.1231,0.5565,5.1474,7.8145
2024/8/6 9:00,1019,0.211,0.6925,8.1976,7.9427
2024/8/6 10:00,1019,0.1663,0.6647,6.7676,7.9339
2024/8/6 11:00,1019,0.3355,0.9893,7.0586,8.4333
2024/8/6 12:00,1019,0.3209,1.226,10.6476,8.7804
2024/8/6 13:00,1019,0.2291,0.8491,6.6415,8.1648
2024/8/6 14:00,1019,0.591,1.3039,10.3313,8.8545
2024/8/6 15:00,1019,0.6919,1.6978,14.5726,9.4979
2024/8/6 16:00,1019,0.3475,1.1658,9.7739,8.6248
2024/8/6 17:00,1019,0.5854,1.9721,8.613,8.9985
2024/8/6 18:00,1019,0.4101,1.7281,13.637,8.9836
2024/8/6 19:00,1019,0.2868,1.0618,9.7588,8.8063
2024/8/6 20:00,1019,0.8173,1.6957,12.462,10.8456
2024/8/6 21:00,1019,0.2875,0.7094,9.0221,8.3414
2024/8/6 22:00,1019,0.3317,0.8384,8.592,8.4036
2024/8/6 23:00,1019,0.1272,0.5439,5.2026,7.6772
2024/8/7 0:00,1019,0.0266,0.0573,3.7614,7.2836
2024/8/7 1:00,1019,NIL,NIL,NIL,NIL
2024/8/7 2:00,1019,NIL,NIL,NIL,NIL
2024/8/7 3:00,1019,NIL,NIL,NIL,NIL
2024/8/7 4:00,1019,NIL,NIL,NIL,NIL
2024/8/7 5:00,1019,NIL,NIL,NIL,NIL
2024/8/7 6:00,1019,0.0783,0.2188,5.5225,7.632
2024/8/7 7:00,1019,0.0826,0.3128,4.9311,7.4496
2024/8/7 8:00,1019,0.1601,0.3731,4.6796,7.7007
2024/8/7 9:00,1019,0.1873,0.565,5.8574,7.9055
2024/8/7 10:00,1019,0.1848,0.6346,5.1015,8.0229
2024/8/7 11:00,1019,0.462,1.4144,6.4015,8.3849
2024/8/7 12:00,1019,0.3294,0.8704,10.3921,8.63
2024/8/7 13:00,1019,0.2089,0.6539,7.3739,7.8836
2024/8/7 14:00,1019,0.2312,1.1529,9.835,7.8942
2024/8/7 15:00,1019,0.3942,1.0415,14.9794,9.196
2024/8/7 16:00,1019,0.4484,1.0527,14.7688,8.6954
2024/8/7 17:00,1019,0.2966,0.8583,9.5334,8.2829
2024/8/7 18:00,1019,0.3597,1.2557,8.4067,8.2781
2024/8/7 19:00,1019,0.3942,1.6566,9.645,8.5296
2024/8/7 20:00,1019,0.4527,1.1001,11.9772,8.3104
2024/8/7 21:00,1019,0.5911,1.2378,10.2798,8.7896
2024/8/7 22:00,1019,0.1945,0.7438,5.8298,7.9463
2024/8/7 23:00,1019,0.4941,1.4422,10.5168,9.944
2024/8/8 0:00,1019,0.2218,0.7895,10.1808,7.852
2024/8/8 1:00,1019,NIL,NIL,NIL,NIL
2024/8/8 2:00,1019,NIL,NIL,NIL,NIL
2024/8/8 3:00,1019,NIL,NIL,NIL,NIL
2024/8/8 4:00,1019,NIL,NIL,NIL,NIL
2024/8/8 5:00,1019,NIL,NIL,NIL,NIL
2024/8/8 6:00,1019,0.0155,0.1336,3.5243,7.3188
2024/8/8 7:00,1019,0.1661,0.5161,6.4891,7.9001
2024/8/8 8:00,1019,0.1039,0.4387,4.7087,7.6217
2024/8/8 9:00,1019,0.2253,0.7291,6.8187,8.1748
2024/8/8 10:00,1019,0.4341,1.2423,9.7637,9.2206
2024/8/8 11:00,1019,0.2123,0.5782,6.7884,8.2008
2024/8/8 12:00,1019,0.1581,0.5194,7.2552,7.7164
2024/8/8 13:00,1019,0.2892,0.7173,7.5291,7.8683
2024/8/8 14:00,1019,0.2921,0.6266,9.3501,8.019
2024/8/8 15:00,1019,0.2675,0.7187,7.2493,8.0375
2024/8/8 16:00,1019,0.2251,0.554,6.859,8.0689
2024/8/8 17:00,1019,0.3005,0.8884,6.9559,8.2304
2024/8/8 18:00,1019,0.5593,1.3429,10.9554,9.1964
2024/8/8 19:00,1019,0.5175,1.3175,13.7214,9.851
2024/8/8 20:00,1019,0.4995,1.4592,10.89,8.7535
2024/8/8 21:00,1019,0.2088,0.6788,6.1941,7.9233
2024/8/8 22:00,1019,0.5153,1.4736,11.017,9.3046
2024/8/8 23:00,1019,0.2622,0.8805,7.7265,7.9377
2024/8/9 0:00,1019,0.2995,1.343,10.8038,8.1876
2024/8/9 1:00,1019,NIL,NIL,NIL,NIL
2024/8/9 2:00,1019,NIL,NIL,NIL,NIL
2024/8/9 3:00,1019,NIL,NIL,NIL,NIL
2024/8/9 4:00,1019,NIL,NIL,NIL,NIL
2024/8/9 5:00,1019,NIL,NIL,NIL,NIL
2024/8/9 6:00,1019,0.0457,0.1307,3.5937,7.3861
2024/8/9 7:00,1019,0.2417,0.619,8.0338,8.0835
2024/8/9 8:00,1019,0.1573,0.5563,5.62,7.8843
2024/8/9 9:00,1019,0.3743,1.1579,6.6974,8.0809
2024/8/9 10:00,1019,0.3917,1.5172,8.7254,8.4105
2024/8/9 11:00,1019,0.5035,1.3739,11.7698,8.6556
2024/8/9 12:00,1019,0.3999,0.7676,9.5178,10.8023
2024/8/9 13:00,1019,0.2708,0.9202,7.99,7.8883
2024/8/9 14:00,1019,0.1609,0.6592,5.7408,7.9349
2024/8/9 15:00,1019,0.2097,0.5436,6.6981,7.9574
2024/8/9 16:00,1019,0.3388,0.8902,10.2011,8.5198
2024/8/9 17:00,1019,0.2347,0.7393,6.8386,7.9466
2024/8/9 18:00,1019,0.3223,0.8873,8.4822,8.4789
2024/8/9 19:00,1019,0.2713,0.6031,7.055,8.1545
2024/8/9 20:00,1019,0.1345,0.5181,4.9992,7.7355
2024/8/9 21:00,1019,0.3463,1.072,9.0189,8.6301
2024/8/9 22:00,1019,0.7952,1.5988,13.6234,20.8435
2024/8/9 23:00,1019,0.2973,0.746,12.0622,9.6573
2024/8/10 0:00,1019,0.1739,0.6787,8.3724,7.7093
2024/8/10 1:00,1019,NIL,NIL,NIL,NIL
2024/8/10 2:00,1019,NIL,NIL,NIL,NIL
2024/8/10 3:00,1019,NIL,NIL,NIL,NIL
2024/8/10 4:00,1019,NIL,NIL,NIL,NIL
2024/8/10 5:00,1019,NIL,NIL,NIL,NIL
2024/8/10 6:00,1019,0.0339,0.109,3.7982,7.3621
2024/8/10 7:00,1019,0.1271,0.3283,5.6086,7.7733
2024/8/10 8:00,1019,0.2665,1.0178,10.7019,7.9386
2024/8/10 9:00,1019,0.2373,0.8905,10.9319,8.0434
2024/8/10 10:00,1019,0.4072,0.8375,7.7952,8.2362
2024/8/10 11:00,1019,0.7029,1.5651,14.3337,8.7644
2024/8/10 12:00,1019,0.7025,1.8168,15.1043,10.2655
2024/8/10 13:00,1019,0.642,1.7265,15.1947,9.4353
2024/8/10 14:00,1019,0.5072,1.3029,9.6422,9.0953
2024/8/10 15:00,1019,0.259,0.7731,5.9749,8.5506
2024/8/10 16:00,1019,0.4502,1.1289,17.973,9.6483
2024/8/10 17:00,1019,0.2417,0.7666,9.9974,8.1196
2024/8/10 18:00,1019,0.2352,0.6094,7.9248,8.1899
2024/8/10 19:00,1019,0.2655,0.8571,5.7842,8.0364
2024/8/10 20:00,1019,0.5229,0.8622,5.8543,8.0395
2024/8/10 21:00,1019,0.1939,0.5848,6.3534,7.9566
2024/8/10 22:00,1019,0.5378,1.0921,6.8841,9.3541
2024/8/10 23:00,1019,0.5238,1.0586,14.2721,9.8826
2024/8/11 0:00,1019,0.0656,0.1528,4.8168,7.3779
2024/8/11 1:00,1019,NIL,NIL,NIL,NIL
2024/8/11 2:00,1019,NIL,NIL,NIL,NIL
2024/8/11 3:00,1019,NIL,NIL,NIL,NIL
2024/8/11 4:00,1019,NIL,NIL,NIL,NIL
2024/8/11 5:00,1019,NIL,NIL,NIL,NIL
2024/8/11 6:00,1019,0.0991,0.2375,4.692,7.534
2024/8/11 7:00,1019,0.1895,0.6815,6.4472,7.7783
2024/8/11 8:00,1019,0.3199,1.0279,10.567,8.4974
2024/8/11 9:00,1019,0.2665,0.7795,7.9292,8.5454
2024/8/11 10:00,1019,0.3268,1.2298,9.3667,8.4613
2024/8/11 11:00,1019,0.3284,1.7448,8.8772,8.5927
2024/8/11 12:00,1019,0.2983,0.8471,9.1762,8.5657
2024/8/11 13:00,1019,0.2373,0.6853,7.9428,8.0184
2024/8/11 14:00,1019,0.1936,0.5877,7.1199,8.0346
2024/8/11 15:00,1019,0.3178,1.4657,6.7308,8.2682
2024/8/11 16:00,1019,0.3383,1.4619,8.6717,8.4668
2024/8/11 17:00,1019,0.429,1.218,8.2303,8.6028
2024/8/11 18:00,1019,0.344,0.899,6.1767,7.9891
2024/8/11 19:00,1019,0.2954,0.8781,6.8489,8.0923
2024/8/11 20:00,1019,0.4004,0.9781,11.1254,8.6528
2024/8/11 21:00,1019,0.3121,0.8902,7.1812,8.4279
2024/8/11 22:00,1019,0.2318,0.8888,5.6703,9.3439
2024/8/11 23:00,1019,0.1983,0.8148,6.3697,7.7523
2024/8/12 0:00,1019,0.3395,0.9955,12.509,8.0781
2024/8/12 1:00,1019,NIL,NIL,NIL,NIL
2024/8/12 2:00,1019,NIL,NIL,NIL,NIL
2024/8/12 3:00,1019,NIL,NIL,NIL,NIL
2024/8/12 4:00,1019,NIL,NIL,NIL,NIL
2024/8/12 5:00,1019,NIL,NIL,NIL,NIL
2024/8/12 6:00,1019,0.04,0.0918,3.5878,7.3694
2024/8/12 7:00,1019,0.1151,0.3294,5.1136,7.5551
2024/8/12 8:00,1019,0.0949,0.3696,4.3057,7.4682
2024/8/12 9:00,1019,0.2072,0.9589,7.8124,8.221
2024/8/12 10:00,1019,0.3219,1.2064,11.1635,8.5194
2024/8/12 11:00,1019,1.0632,1.8029,19.3231,30.2135
2024/8/12 12:00,1019,0.3689,0.9762,9.881,9.9479
2024/8/12 13:00,1019,0.4277,0.9728,17.316,8.7169
2024/8/12 14:00,1019,0.2722,0.752,8.4938,8.1268
2024/8/12 15:00,1019,0.1563,0.7087,6.181,7.8226
2024/8/12 16:00,1019,0.405,1.1453,11.4925,8.7887
2024/8/12 17:00,1019,0.2819,0.8166,9.0127,8.4616
2024/8/12 18:00,1019,0.3614,1.2532,8.578,8.3994
2024/8/12 19:00,1019,0.432,1.2453,12.4687,8.9065
2024/8/12 20:00,1019,0.3263,0.67,11.0641,8.5337
2024/8/12 21:00,1019,0.4424,1.2748,7.5044,10.3464
2024/8/12 22:00,1019,0.3827,1.5729,13.9985,8.6083
2024/8/12 23:00,1019,0.3827,1.0558,13.3524,8.9655
2024/8/13 0:00,1019,0.3047,0.6928,10.3625,7.8683
2024/8/13 1:00,1019,NIL,NIL,NIL,NIL
2024/8/13 2:00,1019,NIL,NIL,NIL,NIL
2024/8/13 3:00,1019,NIL,NIL,NIL,NIL
2024/8/13 4:00,1019,NIL,NIL,NIL,NIL
2024/8/13 5:00,1019,NIL,NIL,NIL,NIL
2024/8/13 6:00,1019,0.0467,0.0932,3.9117,7.344
2024/8/13 7:00,1019,0.1246,0.3978,4.7659,7.6314
2024/8/13 8:00,1019,0.1425,0.5295,4.6127,7.6937
2024/8/13 9:00,1019,0.1738,0.6945,5.5159,7.9162
2024/8/13 10:00,1019,0.2525,0.9014,6.9553,8.1585
2024/8/13 11:00,1019,0.5237,1.4056,12.6157,9.1213
2024/8/13 12:00,1019,0.6824,1.4464,9.8135,8.9039
2024/8/13 13:00,1019,0.3755,0.7394,10.1241,8.7972
2024/8/13 14:00,1019,0.1992,0.6032,5.7666,8.0894
2024/8/13 15:00,1019,0.1621,0.6067,5.2172,7.8463
2024/8/13 16:00,1019,0.3936,1.3708,8.5832,8.365
2024/8/13 17:00,1019,0.3937,1.2528,8.8465,8.5608
2024/8/13 18:00,1019,0.6265,1.8665,12.1464,9.8813
2024/8/13 19:00,1019,0.4676,1.6246,12.6459,8.871
2024/8/13 20:00,1019,0.6504,1.542,13.1748,9.6338
2024/8/13 21:00,1019,0.3657,1.1577,8.5168,8.2159
2024/8/13 22:00,1019,0.2605,1.2813,5.9454,7.9548
2024/8/13 23:00,1019,0.3139,1.0566,9.7073,7.9209
2024/8/14 0:00,1019,0.1119,0.2582,5.0272,7.6831
2024/8/14 1:00,1019,NIL,NIL,NIL,NIL
2024/8/14 2:00,1019,NIL,NIL,NIL,NIL
2024/8/14 3:00,1019,NIL,NIL,NIL,NIL
2024/8/14 4:00,1019,NIL,NIL,NIL,NIL
2024/8/14 5:00,1019,NIL,NIL,NIL,NIL
2024/8/14 6:00,1019,0.1021,0.4193,5.45,7.5504
2024/8/14 7:00,1019,0.2788,0.9109,8.463,7.9276
2024/8/14 8:00,1019,0.2174,0.5559,7.8173,7.7271
2024/8/14 9:00,1019,0.2271,0.6785,7.5566,7.8742
2024/8/14 10:00,1019,0.1688,0.606,6.7197,7.6665
2024/8/14 11:00,1019,0.2763,0.9972,6.8523,8.1072
2024/8/14 12:00,1019,0.3056,0.8441,9.7002,8.0313
2024/8/14 13:00,1019,0.2675,1.0064,7.2044,7.7593
2024/8/14 14:00,1019,0.2127,1.7245,8.5155,7.9813
2024/8/14 15:00,1019,0.3504,0.9427,8.9563,8.2728
2024/8/14 16:00,1019,0.5431,1.2119,9.4585,9.7645
2024/8/14 17:00,1019,0.3565,1.1157,8.4306,8.2349
2024/8/14 18:00,1019,0.6222,1.1544,11.3958,8.4925
2024/8/14 19:00,1019,0.4815,1.3299,11.0109,8.3607
2024/8/14 20:00,1019,0.2713,0.6894,6.3317,8.1454
2024/8/14 21:00,1019,1.2081,2.2413,13.568,9.8629
2024/8/14 22:00,1019,0.3548,1.2313,9.6299,8.1741
2024/8/14 23:00,1019,0.1881,1.0465,6.3456,7.8922
2024/8/15 0:00,1019,0.2896,1.0961,8.287,8.0517
2024/8/15 1:00,1019,NIL,NIL,NIL,NIL
2024/8/15 2:00,1019,NIL,NIL,NIL,NIL
2024/8/15 3:00,1019,NIL,NIL,NIL,NIL
2024/8/15 4:00,1019,NIL,NIL,NIL,NIL
2024/8/15 5:00,1019,NIL,NIL,NIL,NIL
2024/8/15 6:00,1019,0.1322,0.6793,5.6261,7.7417
2024/8/15 7:00,1019,0.3117,1.8246,8.6256,7.9696
2024/8/15 8:00,1019,0.2785,1.2993,6.8032,7.9414
2024/8/15 9:00,1019,0.4389,1.8516,6.6851,8.6697
2024/8/15 10:00,1019,0.3628,1.2797,9.2789,8.5309
2024/8/15 11:00,1019,0.3617,1.3962,10.7457,8.437
2024/8/15 12:00,1019,0.262,0.8672,9.2571,8.0211
2024/8/15 13:00,1019,0.316,0.9516,10.0205,8.3174
2024/8/15 14:00,1019,0.3583,0.8023,7.5795,8.367
2024/8/15 15:00,1019,0.1982,0.8643,7.1609,7.978
2024/8/15 16:00,1019,0.3095,0.7735,10.1844,8.8838
2024/8/15 17:00,1019,0.3282,1.1552,7.7819,8.251
2024/8/15 18:00,1019,0.6493,1.6798,10.7477,8.5003
2024/8/15 19:00,1019,0.4483,1.2332,9.7419,8.2347
2024/8/15 20:00,1019,0.38,1.7433,13.875,8.7395
2024/8/15 21:00,1019,0.3931,1.4618,9.2374,8.314
2024/8/15 22:00,1019,0.2939,0.8122,8.3278,8.1715
2024/8/15 23:00,1019,0.2369,0.8964,8.268,7.8389
2024/8/16 0:00,1019,0.0714,0.1949,4.1286,7.3658
2024/8/16 1:00,1019,NIL,NIL,NIL,NIL
2024/8/16 2:00,1019,NIL,NIL,NIL,NIL
2024/8/16 3:00,1019,NIL,NIL,NIL,NIL
2024/8/16 4:00,1019,NIL,NIL,NIL,NIL
2024/8/16 5:00,1019,NIL,NIL,NIL,NIL
2024/8/16 6:00,1019,0.1259,0.4213,7.6918,7.5152
2024/8/16 7:00,1019,0.22,1.1208,6.9626,8.1188
2024/8/16 8:00,1019,0.3481,1.0829,8.7651,7.9181
2024/8/16 9:00,1019,0.2259,0.8316,5.3102,7.8362
2024/8/16 10:00,1019,0.2477,0.6632,5.5217,8.5251
2024/8/16 11:00,1019,0.259,0.7602,7.4701,8.5417
2024/8/16 12:00,1019,0.4608,0.9346,9.8431,8.8168
2024/8/16 13:00,1019,0.2882,0.6541,7.5519,7.9822
2024/8/16 14:00,1019,0.5223,1.2562,18.293,8.9784
2024/8/16 15:00,1019,0.1854,0.5309,5.6564,8.5102
2024/8/16 16:00,1019,0.1667,0.4996,6.5901,7.7912
2024/8/16 17:00,1019,0.266,0.8438,7.7423,8.0199
2024/8/16 18:00,1019,0.5603,1.2186,11.1769,8.3375
2024/8/16 19:00,1019,1.2115,2.1018,16.5316,9.2728
2024/8/16 20:00,1019,0.6045,1.0653,9.3065,8.3639
2024/8/16 21:00,1019,0.4071,1.2514,11.2761,8.466
2024/8/16 22:00,1019,0.8128,1.6087,9.299,8.4434
2024/8/16 23:00,1019,1.0059,1.9261,9.4244,8.5556
2024/8/17 0:00,1019,0.6338,1.3847,7.1148,8.1246
2024/8/17 1:00,1019,NIL,NIL,NIL,NIL
2024/8/17 2:00,1019,NIL,NIL,NIL,NIL
2024/8/17 3:00,1019,NIL,NIL,NIL,NIL
2024/8/17 4:00,1019,NIL,NIL,NIL,NIL
2024/8/17 5:00,1019,NIL,NIL,NIL,NIL
2024/8/17 6:00,1019,0.1752,1.0409,4.6242,7.665
2024/8/17 7:00,1019,0.2827,1.3372,6.124,7.8325
2024/8/17 8:00,1019,0.333,1.488,5.8999,7.8795
2024/8/17 9:00,1019,0.4105,1.5051,10.5733,8.4947
2024/8/17 10:00,1019,0.4467,1.3847,11.4531,8.8209
2024/8/17 11:00,1019,0.5103,1.4079,12.693,9.7625
2024/8/17 12:00,1019,0.5221,1.175,13.0533,9.8471
2024/8/17 13:00,1019,0.4537,1.3407,15.8711,8.4424
2024/8/17 14:00,1019,0.3693,0.9663,9.1156,8.179
2024/8/17 15:00,1019,0.2865,0.9216,9.9483,8.2428
2024/8/17 16:00,1019,0.4908,1.0785,9.9255,9.2601
2024/8/17 17:00,1019,0.2101,0.7707,7.9422,8.1955
2024/8/17 18:00,1019,0.3049,0.7562,5.553,8.393
2024/8/17 19:00,1019,0.6006,1.418,7.4998,8.4221
2024/8/17 20:00,1019,0.8526,1.4848,18.4856,9.112
2024/8/17 21:00,1019,1.2056,1.7017,12.6666,10.4291
2024/8/17 22:00,1019,1.3402,2.0402,11.6163,10.091
2024/8/17 23:00,1019,0.5032,2.029,8.7262,8.044
2024/8/18 0:00,1019,0.1544,1.0754,4.8993,7.5912
2024/8/18 1:00,1019,NIL,NIL,NIL,NIL
2024/8/18 2:00,1019,NIL,NIL,NIL,NIL
2024/8/18 3:00,1019,NIL,NIL,NIL,NIL
2024/8/18 4:00,1019,NIL,NIL,NIL,NIL
2024/8/18 5:00,1019,NIL,NIL,NIL,NIL
2024/8/18 6:00,1019,0.1896,0.5575,5.9667,7.6099
2024/8/18 7:00,1019,0.3445,1.1354,5.8348,8.0028
2024/8/18 8:00,1019,0.4364,1.0157,5.7927,8.0122
2024/8/18 9:00,1019,0.3174,0.8044,7.2004,8.0687
2024/8/18 10:00,1019,0.7597,1.7571,18.4174,9.0029
2024/8/18 11:00,1019,0.7768,1.5754,18.4513,10.0843
2024/8/18 12:00,1019,0.4577,1.2779,13.0134,9.1466
2024/8/18 13:00,1019,0.5075,1.1079,12.6724,10.4436
2024/8/18 14:00,1019,0.3296,1.2207,9.2665,8.5472
2024/8/18 15:00,1019,0.3829,0.9945,13.2015,8.4985
2024/8/18 16:00,1019,0.2739,0.8504,7.3665,8.1275
2024/8/18 17:00,1019,0.4197,1.0344,10.1809,9.249
2024/8/18 18:00,1019,0.3732,0.8772,8.9514,8.1733
2024/8/18 19:00,1019,0.1862,0.4897,6.7412,7.8309
2024/8/18 20:00,1019,0.2941,0.8492,9.8496,8.0876
2024/8/18 21:00,1019,0.6084,1.1799,11.6957,9.6326
2024/8/18 22:00,1019,0.2674,0.8736,7.1685,7.9409
2024/8/18 23:00,1019,0.8233,1.087,9.2842,14.1054
2024/7/20 0:00,1020,0.0158,0.0292,3.402,7.221
2024/7/20 1:00,1020,NIL,NIL,NIL,NIL
2024/7/20 2:00,1020,NIL,NIL,NIL,NIL
2024/7/20 3:00,1020,NIL,NIL,NIL,NIL
2024/7/20 4:00,1020,NIL,NIL,NIL,NIL
2024/7/20 5:00,1020,NIL,NIL,NIL,NIL
2024/7/20 6:00,1020,0.0159,0.0455,3.4728,7.236
2024/7/20 7:00,1020,0.0402,0.0952,3.8484,7.3358
2024/7/20 8:00,1020,0.0863,0.26,4.5531,7.4192
2024/7/20 9:00,1020,0.0574,0.1723,3.8663,7.3306
2024/7/20 10:00,1020,0.1384,0.3997,5.0185,7.625
2024/7/20 11:00,1020,0.1976,0.4502,7.9111,7.7777
2024/7/20 12:00,1020,0.0962,0.2244,5.7048,7.6695
2024/7/20 13:00,1020,0.0794,0.21,4.1703,7.7522
2024/7/20 14:00,1020,0.1041,0.2766,6.6775,7.4758
2024/7/20 15:00,1020,0.133,0.3229,6.9871,7.5508
2024/7/20 16:00,1020,0.1301,0.3159,7.185,7.6438
2024/7/20 17:00,1020,0.0815,0.2236,4.243,7.4062
2024/7/20 18:00,1020,0.0983,0.3749,4.4038,7.5309
2024/7/20 19:00,1020,0.0529,0.1346,3.7725,7.3766
2024/7/20 20:00,1020,0.0428,0.1234,3.8353,7.3328
2024/7/20 21:00,1020,0.0532,0.1801,4.5837,7.3246
2024/7/20 22:00,1020,0.0433,0.1272,3.8998,7.3484
2024/7/20 23:00,1020,0.0236,0.0579,3.8832,7.3156
2024/7/21 0:00,1020,0.0211,0.0748,3.3924,7.226
2024/7/21 1:00,1020,NIL,NIL,NIL,NIL
2024/7/21 2:00,1020,NIL,NIL,NIL,NIL
2024/7/21 3:00,1020,NIL,NIL,NIL,NIL
